generation,mse,length,msetest,expr
100,347.15924072265625,1.0,251.15585882209086,44.142578125000
100,347.1591491699219,2.0,251.2016874593964,exp(3.787385463715)
100,150.8577423095703,3.0,143.40922660466046,(54.528907775879 + (9.760764122009 * X4))
100,148.75448608398438,4.0,167.636410592825,exp(((0.222859159112 * X4) + 3.974123239517))
100,48.37489700317383,5.0,52.43604942459576,(((-0.203399538994) * X1) + ((9.764307975769 * X4) + 142.136871337891))
100,43.930179595947266,6.0,52.28796691774696,((((-0.015303128399) * X1) + ((0.739386022091 * X4) + 13.891621589661)) ^ 2)
8,46.81220245361328,7.0,53.85119237460213,(((9.698496818542 * X4) + (-31.077009201050)) - ((-6947.274902343750) / (sqrt(1 + (0.191176205873 * X1) ^ 2))))
100,15.530107498168945,8.0,12.777713026241099,((((-0.211925059557) * X1) + (147.358200073242 + (10.036021232605 * X4))) / (sqrt(1 + (1 / (78.308601379395 * X2)) ^ 2)))
100,10.616937637329102,9.0,11.968975716276827,(((((0.750611305237 * X4) + 14.174696922302) + ((-0.015719166026) * X1)) ^ 2) / (sqrt(1 + (1 / (76.938781738281 * X2)) ^ 2)))
100,6.844170093536377,10.0,10.600538429019844,((((-0.777689039707) * X4) + (((0.601449370384 * X3) - (1768.461181640625 * X2)) / (sqrt(1 + (((-1.388497352600) * X2) * ((-0.404851257801) * X1)) ^ 2)))) ^ 2)
100,2.842886209487915,11.0,2.9052093969988095,((((0.015773503110 * X1) + ((-14.218289375305) - (0.779327273369 * X4))) / (sqrt(1 + (exp((0.165965601802 * X3)) / ((-281.757385253906) * X2)) ^ 2))) ^ 2)
100,2.514291286468506,12.0,2.506608469083546,(((((-0.015725849196) * X1) + exp((2.651250123978 + (0.057858474553 * X4)))) / (sqrt(1 + (exp((0.170022726059 * X3)) / ((-286.334655761719) * X2)) ^ 2))) ^ 2)
90,2.590728282928467,13.0,2.2092499299906527,((((0.015751505271 * X1) + (((-0.745611190796) * X4) + ((-14.145365715027) + ((-0.014244948514) * X3)))) / (sqrt(1 + (exp((0.170842722058 * X3)) / ((-287.418914794922) * X2)) ^ 2))) ^ 2)
100,2.189577102661133,14.0,2.0479510581305607,((((((0.789569795132 * X4) + 14.326931953430) - (0.015779430047 * X1)) - (0.335723161697 * X2)) / (sqrt(1 + (((0.476988434792 * X3) - (-0.961413085461)) / ((-287.410125732422) * X2)) ^ 2))) ^ 2)
100,1.935745120048523,15.0,3.106264580293857,((exp((0.266169250011 * X4)) + ((0.607301712036 * X4) - (((0.481347501278 * X3) - (((-0.851991534233) * X4) - ((-1117.991699218750) * X2))) / (sqrt(1 + (((-0.724662065506) * X2) * ((-0.565398812294) * X1)) ^ 2))))) ^ 2)
89,1.9795958995819092,16.0,3.3222870072489785,(((0.910650372505 + (((((-0.865121304989) * X4) - (0.477280616760 * X3)) - ((-1126.346191406250) * X2)) / (sqrt(1 + (((-0.480751663446) * X2) * ((-0.851604163647) * X1)) ^ 2)))) + ((0.787077486515 * X4) - ((-0.016031946987) * X3))) ^ 2)
100,1.4323943853378296,17.0,2.587900417511367,(((((((-0.856260120869) * X4) - ((-1219.713012695312) * X2)) / (sqrt(1 + (((-0.589111030102) * X2) * ((-0.751085281372) * X1)) ^ 2))) + (0.927484989166 + (0.802861690521 * X4))) / (sqrt(1 + (exp((0.354197233915 * X3)) / ((-2132.539794921875) * X2)) ^ 2))) ^ 2)
100,1.2130483388900757,18.0,2.2232861448032626,(((0.207407653332 * X3) + ((((((-0.758370757103) * X4) - ((-1356.731323242188) * X2)) / (sqrt(1 + (((-0.259535342455) * X2) * ((-1.886631131172) * X1)) ^ 2))) + ((0.770419359207 * X4) - (-0.842117190361))) ^ 2)) / (sqrt(1 + ((4.731304645538 * X3) / ((-1710.553955078125) * X2)) ^ 2)))
100,1.2090753316879272,19.0,2.2070547768813116,((exp((0.105629242957 * X3)) + ((((((-0.761025488377) * X4) - ((-1366.672119140625) * X2)) / (sqrt(1 + (((-0.623998939991) * X2) * ((-0.782182216644) * X1)) ^ 2))) + ((0.782482981682 * X4) - (-0.710215270519))) ^ 2)) / (sqrt(1 + (((-4.847048759460) * X3) / ((-1752.921386718750) * X2)) ^ 2)))
100,0.9611653685569763,20.0,1.5830239275180364,(((((-1.377307415009) * X4) - (4.052228927612 * X2)) + ((((((-0.637539803982) * X4) - ((-1306.505004882812) * X2)) / (sqrt(1 + (((-0.597857058048) * X2) * ((-0.790681302547) * X1)) ^ 2))) + ((0.911329865456 * X4) - (-0.986724138260))) ^ 2)) / (sqrt(1 + (((-5.151165962219) * X3) / ((-1783.183715820312) * X2)) ^ 2)))
100,0.7716401219367981,21.0,1.3478427117663168,(((((-1.713858366013) * X4) - (5.641273498535 * X2)) + (((((-2769.080566406250) * X2) / (sqrt(1 + (((-1.016623973846) * X2) * ((-0.978430926800) * X1)) ^ 2))) + (((-0.922888934612) * X4) - 0.975880265236)) ^ 2)) / (sqrt(1 + (exp((1.159429430962 * X4)) / (((-0.011646246538) * X2) * ((-21.090970993042) * X1))) ^ 2)))
79,1.0930140018463135,22.0,1.6189379621612485,((((-3.677621126175) + (((((0.664168715477 * X4) - ((-0.793988704681) * X3)) / (sqrt(1 + ((-0.001996548614) * X1) ^ 2))) - (862.502014160156 * X2)) / (sqrt(1 + (((-0.279910326004) * X2) * ((-1.385405421257) * X1)) ^ 2)))) + ((0.003275671741 * X1) + ((((-0.776083886623) * X4) - (0.024374261498 * X3)) + (0.438771992922 * X2)))) ^ 2)
100,0.5999962091445923,23.0,1.018390442604881,((((((-4.376143932343) * X4) + (-13.767896652222)) - (5.722255706787 * X2)) + (((((-2505.255615234375) * X2) / (sqrt(1 + (((-1.023389220238) * X2) * ((-0.977816402912) * X1)) ^ 2))) + (((-1.006177067757) * X4) - 2.499227762222)) ^ 2)) / (sqrt(1 + (exp((1.246775388718 * X4)) / (((-0.012333333492) * X2) * ((-21.265272140503) * X1))) ^ 2)))
96,0.7415661811828613,24.0,1.5575786439253252,(((exp((1.270687103271 * X4)) - (4.853148460388 * X2)) + ((((((-0.339088082314) * X4) - ((-2008.478637695312) * X2)) / (sqrt(1 + (((-0.428335219622) * X2) * ((-1.692294120789) * X1)) ^ 2))) + ((0.730738222599 * X4) - (-0.891392409801))) ^ 2)) / (sqrt(1 + (exp((1.434998154640 * X4)) / ((0.017451824620 * X2) * (18.936851501465 * X1))) ^ 2)))
100,0.5911808609962463,25.0,1.0489842079721918,(((((-13.601674079895) + ((-4.271322727203) * X4)) - (5.297411441803 * X2)) + ((((((-0.209243312478) * X4) - ((-2038.147338867188) * X2)) / (sqrt(1 + (((-0.851912796497) * X2) * ((-0.955050826073) * X1)) ^ 2))) + ((1.003253936768 * X4) - (-2.476815700531))) ^ 2)) / (sqrt(1 + (exp((1.342411756516 * X4)) / ((0.015478730202 * X2) * (19.066539764404 * X1))) ^ 2)))
66,0.8022139668464661,26.0,1.6031180333475519,((((1.067486763000 + (0.806017279625 * X4)) - (((((0.689286410809 * X4) + 0.398717880249) + ((((-1.502546906471) + (0.619890928268 * X3)) - ((-85.601356506348) * X2)) / (sqrt(1 + ((-1.056222438812) - ((-54.294456481934) * X2)) ^ 2)))) - (1091.046020507812 * X2)) / (sqrt(1 + ((1.406370401382 * X2) * (0.277435541153 * X1)) ^ 2)))) + ((-0.556131958961) * X2)) ^ 2)
100,0.547496497631073,27.0,0.7661670896409486,((((((-3.741166353226) * X4) - 10.986502647400) + ((-6.958570480347) * X2)) + (((((3.416644096375 + (0.780799567699 * X4)) - (4187.636718750000 * X2)) / (sqrt(1 + (((-2.613741874695) * X2) * ((-0.629414916039) * X1)) ^ 2))) + (((-0.982195198536) * X4) - 2.278687953949)) ^ 2)) / (sqrt(1 + (exp((1.517286658287 * X4)) / (((-0.194732949138) * X2) * ((-1.918608427048) * X1))) ^ 2)))
100,0.5184198021888733,28.0,0.8358312012148893,((((((-0.002118044067) + ((-0.528865218163) * X4)) ^ 2) + ((-6.449815273285) * X2)) + (((((((-0.916130423546) * X4) - 2.257586240768) - ((-2651.291259765625) * X2)) / (sqrt(1 + (((-0.934372961521) * X2) * ((-1.031452894211) * X1)) ^ 2))) + ((0.831676244736 * X4) - (-1.084680795670))) ^ 2)) / (sqrt(1 + (exp((1.780421972275 * X4)) / ((0.166550651193 * X2) * ((-3.033931970596) * X1))) ^ 2)))
100,0.4955173134803772,29.0,0.785634105999528,(((((0.671691179276 + ((-0.462083011866) * X4)) ^ 2) + ((-6.646373748779) * X2)) + (((((((-1.301241755486) * X4) - 3.320871829987) - ((-3540.705566406250) * X2)) / (sqrt(1 + (((-1.074360370636) * X2) * ((-1.187821626663) * X1)) ^ 2))) + ((0.877598524094 * X4) - (-1.004259109497))) ^ 2)) / (sqrt(1 + (((-1.523195385933) + ((-1.916104674339) * X3)) / ((0.310306310654 * X2) * ((-5.668250560760) * X1))) ^ 2)))
100,0.4647611081600189,30.0,0.7878913547370445,(((((-1.622935533524) * X4) - (6.397375583649 * X2)) + ((((((-1.670442700386) * X4) - ((-1742.540771484375) * X2)) / (sqrt(1 + (((-0.722140252590) * X2) * ((-0.869302868843) * X1)) ^ 2))) + ((0.930937230587 * X4) - (-1.018355965614))) ^ 2)) / (sqrt(1 + (((8.009601593018 * X4) - ((((3.576386213303 * X4) - ((-5.650934219360) * X3)) - ((-1016.381469726562) * X2)) / (sqrt(1 + ((0.296406358480 * X2) * (0.196074038744 * X1)) ^ 2)))) / ((-2179.029296875000) * X2)) ^ 2)))
89,0.5303212404251099,31.0,1.0292905169808841,(((((((-2.823924303055) * X4) + (-5.028780937195)) + ((((-0.663638651371) + ((-0.010343079455) * X1)) - ((-8.792227745056) * X2)) / (sqrt(1 + ((-0.490315347910) * X4) ^ 2)))) - (12.756282806396 * X2)) + (((((-2463.872314453125) * X2) / (sqrt(1 + (((-1.023389220238) * X2) * ((-0.971343517303) * X1)) ^ 2))) + (((-0.943675696850) * X4) - 2.300618171692)) ^ 2)) / (sqrt(1 + (exp((1.269024968147 * X4)) / (((-0.012731510215) * X2) * ((-21.265272140503) * X1))) ^ 2)))
100,0.4120202660560608,32.0,0.6863657489081483,((((((((-0.826295256615) * X4) + (-6.236440181732)) + (0.007379916497 * X1)) ^ 2) + ((-6.541418552399) * X2)) + ((((((0.005017473362 * X1) + (((-0.964557290077) * X4) - 4.394162178040)) - ((-2077.754882812500) * X2)) / (sqrt(1 + (((-0.843217074871) * X2) * ((-0.996091365814) * X1)) ^ 2))) + ((0.546387612820 * X4) - (-1.093236804008))) ^ 2)) / (sqrt(1 + (exp((1.800121903419 * X4)) / ((0.120837144554 * X2) * ((-4.284116744995) * X1))) ^ 2)))
93,0.4426612854003906,33.0,0.7452625850529654,(((((2.510138511658 + (0.173110395670 * X4)) ^ 2) + ((-5.159061908722) + ((-0.764008283615) * X2))) - ((((-2.211313247681) + (((16.673923492432 + ((-1.206322669983) * X3)) - ((-1269.092773437500) * X2)) / (sqrt(1 + ((((-4.626624584198) * X4) - ((-4.264871120453) - (116.476478576660 * X2))) / (sqrt(1 + (((-0.089661180973) * X4) - (0.075913004577 * X3)) ^ 2))) ^ 2)))) - (1881.125488281250 * X2)) / (sqrt(1 + (((-0.817021131516) * X2) * ((-0.819727361202) * X1)) ^ 2)))) ^ 2)
100,0.37332627177238464,34.0,0.6518517085380393,(((((((-1.388365626335) * X2) * ((-0.030947946012) * X1)) + (((-0.044596869498) * X1) - (-32.610897064209))) - (24.678129196167 * X2)) + ((((((-1.286874771118) * X4) - ((-1571.666992187500) * X2)) / (sqrt(1 + (((-0.675030887127) * X2) * ((-0.830716669559) * X1)) ^ 2))) + (0.945083558559 * X4)) ^ 2)) / (sqrt(1 + (((((-0.868088901043) * X4) - (((-1.708399891853) * X3) - (295.503265380859 * X2))) / (sqrt(1 + (((-0.167007416487) * X2) * ((-0.335341900587) * X1)) ^ 2))) / ((0.054863136262 * X2) * (30.261030197144 * X1))) ^ 2)))
97,0.39254409074783325,35.0,0.6633088849921253,(((((-10.797190666199) + (((-2.485085725784) * X4) - ((((0.799599766731 * X4) - (0.195609107614 * X3)) - (60.158203125000 * X2)) / (sqrt(1 + (((-0.366551071405) * X2) * (0.073379427195 * X1)) ^ 2))))) - (7.038218021393 * X2)) + ((((((-0.570127367973) * X4) - ((-1643.964599609375) * X2)) / (sqrt(1 + (((-0.685476303101) * X2) * ((-0.954880893230) * X1)) ^ 2))) + ((0.946925103664 * X4) - (-2.016782760620))) ^ 2)) / (sqrt(1 + (exp((1.784518122673 * X4)) / ((0.026381520554 * X2) * (18.976530075073 * X1))) ^ 2)))
100,0.36578166484832764,36.0,0.5280628821816084,((((-3.115697383881) + (((((1.264177799225 * X4) - ((((0.014085618779 * X1) - 7.973391056061) + ((-1.374129414558) * X3)) - ((-296.978485107422) * X2))) / (sqrt(1 + ((0.847926497459 * X4) - ((1.156951189041 + (0.289724081755 * X3)) / (sqrt(1 + (((-1.970081090927) * X2) * ((-0.312375694513) * X1)) ^ 2)))) ^ 2))) - (1503.479003906250 * X2)) / (sqrt(1 + (((-0.928457736969) * X2) * ((-0.802131056786) * X1)) ^ 2)))) + ((0.002913437318 * X1) + ((((-0.550683021545) * X4) - (0.067888595164 * X3)) + (0.581801533699 * X2)))) ^ 2)
100,0.3405643701553345,37.0,0.4797589605482684,(((((-3.793373584747) + (((((1.611442804337 * X4) - (((0.013711044565 * X1) - 8.778377532959) - ((-282.234619140625) * X2))) / (sqrt(1 + ((1.040238261223 * X4) - (((-0.216016292572) + (0.282302379608 * X3)) / (sqrt(1 + ((-0.017820574343) * X4) ^ 2)))) ^ 2))) - (1501.151245117188 * X2)) / (sqrt(1 + (((-0.472171574831) * X2) * ((-1.667924165726) * X1)) ^ 2)))) + ((0.003756235586 * X1) + ((((-0.552137255669) * X4) - (0.078945189714 * X3)) + (0.499241709709 * X2)))) ^ 2) / (sqrt(1 + (exp((0.332265198231 * X3)) / ((-918.209838867188) * X2)) ^ 2)))
91,0.36158448457717896,38.0,0.6183122876941002,(((((((-5.026031017303) * X4) + (-21.123716354370)) + ((((-0.755658209324) * X2) * ((-0.042725253850) * X1)) / (sqrt(1 + (0.145190283656 * X4) ^ 2)))) - (20.084787368774 * X2)) + ((((((-0.668408095837) * X4) - ((-2334.411132812500) * X2)) / (sqrt(1 + (((-0.908687472343) * X2) * ((-1.030985593796) * X1)) ^ 2))) + ((0.988239467144 * X4) - (-2.972080230713))) ^ 2)) / (sqrt(1 + (((((-0.799686431885) + ((-0.767462611198) * X3)) - (96.895179748535 * X2)) / (sqrt(1 + (((-1.037215948105) * X2) * (0.043482448906 * X1)) ^ 2))) / ((0.033329632133 * X2) * (22.429506301880 * X1))) ^ 2)))
100,0.32162898778915405,39.0,0.4823653602356719,(((((((-1.388365626335) * X2) * ((-0.030092345551) * X1)) + ((((-0.052937656641) * X1) + ((0.085231758654 * X4) - (-38.163459777832))) / (sqrt(1 + (1 / (295.438934326172 * X2)) ^ 2)))) - (24.608003616333 * X2)) + ((((((-1.003263235092) * X4) - ((-1571.666992187500) * X2)) / (sqrt(1 + (((-0.689420640469) * X2) * ((-0.830716669559) * X1)) ^ 2))) + (0.959143340588 * X4)) ^ 2)) / (sqrt(1 + (((((-0.295018881559) * X4) - (((-1.701958656311) * X3) - (295.503265380859 * X2))) / (sqrt(1 + (((-0.158320888877) * X2) * ((-0.335341900587) * X1)) ^ 2))) / ((0.055792711675 * X2) * (30.261030197144 * X1))) ^ 2)))
100,0.2933361232280731,40.0,0.4592262741487942,((((-3.192988872528) + (((((1.032904505730 * X4) - ((((0.011553899385 * X1) - 6.743198394775) + ((-1.430531263351) * X3)) - ((-303.029846191406) * X2))) / (sqrt(1 + ((0.751706838608 * X4) - ((0.505756318569 + (0.356618553400 * X3)) / (sqrt(1 + (((0.037854973227 * X1) + exp((0.602043747902 * X3))) / (sqrt(1 + (1 / ((-0.602470636368) * X2)) ^ 2))) ^ 2)))) ^ 2))) - (1478.982421875000 * X2)) / (sqrt(1 + (((-0.442865967751) * X2) * ((-1.656422734261) * X1)) ^ 2)))) + ((0.002922956599 * X1) + ((((-0.568872749805) * X4) - (0.059359859675 * X3)) + (0.728137731552 * X2)))) ^ 2)
84,0.3530566692352295,41.0,0.5112669454417315,((((-3.666548013687) + ((((((1.022704839706 * X4) - 14.039944648743) - ((((0.014243401587 * X1) - 22.391511917114) + ((-1.410060405731) * X3)) - ((-193.156661987305) * X2))) / (sqrt(1 + ((1.014903306961 * X4) - ((0.637069761753 + (0.349774807692 * X3)) / (sqrt(1 + ((((-0.033222712576) * X1) + (137.051467895508 * X2)) / (sqrt(1 + (1 / (20.584531784058 * X2)) ^ 2))) ^ 2)))) ^ 2))) - (1615.068725585938 * X2)) / (sqrt(1 + (((-0.494967281818) * X2) * ((-1.592049002647) * X1)) ^ 2)))) + ((0.003435164224 * X1) + ((((-0.627129971981) * X4) - (0.050168406218 * X3)) + (0.604883074760 * X2)))) ^ 2)
84,0.33310824632644653,42.0,0.6188250512254205,(((((((-4.832249164581) * X4) + (-8.788763046265)) + (-9.663163185120)) - (10.074501991272 * X2)) + (((((((21.379081726074 + ((-1.842940092087) * X3)) - (2446.129882812500 * X2)) / (sqrt(1 + ((((-8.137744903564) * X4) - (((-14.044712066650) + (0.531774342060 * X3)) - (384.559112548828 * X2))) / (sqrt(1 + exp((0.009679282084 * X3)) ^ 2))) ^ 2))) - ((-1982.347900390625) * X2)) / (sqrt(1 + (((-0.878737449646) * X2) * ((-0.929527342319) * X1)) ^ 2))) + ((0.995159029961 * X4) - (-3.124975204468))) ^ 2)) / (sqrt(1 + (exp((0.800663292408 * X4)) / ((0.016032772139 * X2) * (17.795986175537 * X1))) ^ 2)))
100,0.28914934396743774,43.0,0.5136396182173043,(((((-4.073108673096) + (((((3.709847450256 * X4) - ((((0.021510573104 * X1) + ((-11.804098129272) + (1.805934906006 * X4))) + ((-0.552630722523) * X3)) - ((-308.064910888672) * X2))) / (sqrt(1 + ((0.658674240112 * X4) - ((1.278564214706 + ((-0.178796157241) * X3)) / (sqrt(1 + ((0.254358857870 * X4) - (12.221539497375 * X2)) ^ 2)))) ^ 2))) - (1668.595581054688 * X2)) / (sqrt(1 + (((-0.497502744198) * X2) * ((-1.775521636009) * X1)) ^ 2)))) + ((0.003883230500 * X1) + ((((-0.613682031631) * X4) - (0.047716956586 * X3)) + (0.739762902260 * X2)))) ^ 2) / (sqrt(1 + (exp((0.223388448358 * X3)) / ((-384.533905029297) * X2)) ^ 2)))
100,0.28064626455307007,44.0,0.43168432631097214,(((((-4.110763549805) + (((((2.895469665527 * X4) - ((((0.022410128266 * X1) - 13.453832626343) + (0.332754343748 * X3)) - ((-245.311614990234) * X2))) / (sqrt(1 + (((-1.185801506042) * X4) - ((((-0.003448733129) * X1) + (0.201932743192 * X4)) / (sqrt(1 + (((5.696559429169 * X4) - ((-1.683603763580) * X3)) / (sqrt(1 + (1 / (5.597121715546 * X2)) ^ 2))) ^ 2)))) ^ 2))) - (1471.234252929688 * X2)) / (sqrt(1 + (((-0.451905280352) * X2) * ((-1.686315417290) * X1)) ^ 2)))) + ((0.003837537719 * X1) + ((((-0.640473842621) * X4) - (0.033443566412 * X3)) + (0.567589998245 * X2)))) ^ 2) / (sqrt(1 + (exp((0.283687353134 * X3)) / ((-544.299255371094) * X2)) ^ 2)))
100,0.2474667876958847,45.0,0.4035812569205194,(((((-3.871427059174) + (((((1.388876318932 * X4) - ((((0.016038514674 * X1) - 9.117723464966) + ((-1.361360073090) * X3)) - ((-550.242126464844) * X2))) / (sqrt(1 + ((0.601198375225 * X4) - ((0.562749743462 + (0.347663193941 * X3)) / (sqrt(1 + (((0.225186273456 * X3) + ((-0.003837762401) * X1)) / (sqrt(1 + (1 / ((-4.690290927887) * X2)) ^ 2))) ^ 2)))) ^ 2))) - (1367.949584960938 * X2)) / (sqrt(1 + (((-0.462599635124) * X2) * ((-1.729279398918) * X1)) ^ 2)))) + ((0.004073024262 * X1) + ((((-0.495512396097) * X4) - (0.140830591321 * X3)) + (0.717669785023 * X2)))) ^ 2) / (sqrt(1 + ((0.784288525581 + ((-1.238981842995) * X3)) / ((-435.789154052734) * X2)) ^ 2)))
92,0.28590652346611023,46.0,0.4761227662179574,(((((-3.418992519379) + (((((2.337801218033 * X4) - ((((0.018851853907 * X1) - 9.617441177368) + ((-0.906785249710) * X3)) - ((-258.243804931641) * X2))) / (sqrt(1 + ((0.823688387871 * X4) - ((1.628815650940 + (0.093821115792 * X3)) / (sqrt(1 + ((173.216735839844 + (37.039165496826 + (22.745981216431 * X4))) / (sqrt(1 + (1 / ((-0.314805567265) * X2)) ^ 2))) ^ 2)))) ^ 2))) - (1469.941894531250 * X2)) / (sqrt(1 + (((-0.445828109980) * X2) * ((-1.648327827454) * X1)) ^ 2)))) + ((0.003231724259 * X1) + ((((-0.585268616676) * X4) - (0.055686835200 * X3)) + (0.572973489761 * X2)))) ^ 2) / (sqrt(1 + (exp((0.189404889941 * X3)) / ((-445.757263183594) * X2)) ^ 2)))
92,0.28117427229881287,47.0,0.4553707010025179,(((((-4.062426090240) + (((((4.797785282135 * X4) - ((((0.025524338707 * X1) - 14.323832511902) + (exp((0.154074981809 * X3)) / (sqrt(1 + (42.432777404785 * X2) ^ 2)))) - ((-210.419998168945) * X2))) / (sqrt(1 + (((-0.767917275429) * X4) - ((((-0.004338198807) * X1) + (1.287451982498 * X4)) / (sqrt(1 + (((0.739171981812 * X3) + ((-0.051508713514) * X1)) / (sqrt(1 + (1 / ((-1.963667273521) * X2)) ^ 2))) ^ 2)))) ^ 2))) - (1471.347290039062 * X2)) / (sqrt(1 + (((-0.456051051617) * X2) * ((-1.653593897820) * X1)) ^ 2)))) + ((0.003941614181 * X1) + ((((-0.636616587639) * X4) - (0.040556855500 * X3)) + (0.616848111153 * X2)))) ^ 2) / (sqrt(1 + (exp((0.220885053277 * X3)) / ((-328.592041015625) * X2)) ^ 2)))
47,0.4032362699508667,48.0,0.729413180518174,((((((((-1.832709431648) + (0.825972974300 * X4)) - (1734.055297851562 * X2)) / (sqrt(1 + (((-0.319642007351) * X2) * ((-2.184813737869) * X1)) ^ 2))) + (((-0.382487893105) * X4) + 0.751834511757)) ^ 2) / (sqrt(1 + (1 / ((-261.285278320312) * X2)) ^ 2))) * ((((((((-0.005308420397) * X1) + ((1.779192209244 * X4) + (-2.069248676300))) / (sqrt(1 + (((-61.210487365723) * X4) + 99.300277709961) ^ 2))) + ((-0.052269261330) * X4)) + (-1.394762277603)) ^ 2) + (((((0.002966705943 * X1) - 1.040046095848) - (exp((0.084295466542 * X3)) / (sqrt(1 + ((-78.069595336914) * X2) ^ 2)))) + (((-0.674458086491) * X2) * (0.001523129409 * X1))) / (sqrt(1 + exp(((-0.365869969130) * X3)) ^ 2)))))
92,0.2598161995410919,49.0,0.4952010646451515,(((((-4.999152183533) + (((((1.704890966415 * X4) - ((((0.018552185968 * X1) - 11.312494277954) + ((-0.605641663074) * X3)) - ((-390.147003173828) * X2))) / (sqrt(1 + ((0.601003348827 * X4) - ((0.654025971889 + (0.146072775126 * X3)) / (sqrt(1 + (((0.336327016354 * X3) + ((-0.008154330775) * X1)) / (sqrt(1 + (1 / ((-2.414944648743) * X2)) ^ 2))) ^ 2)))) ^ 2))) - (1412.349975585938 * X2)) / (sqrt(1 + (((-0.504250586033) * X2) * ((-1.701553821564) * X1)) ^ 2)))) + ((0.005208266433 * X1) + ((((-0.579240202904) * X4) - (0.080824248493 * X3)) + (0.752567291260 * X2)))) ^ 2) / (sqrt(1 + (((0.003692433238 * X1) + ((((-0.516362011433) * X4) - (2.757134914398 * X3)) + ((-110.251937866211) * X2))) / ((-1107.145996093750) * X2)) ^ 2)))
100,0.2338641881942749,50.0,0.468163701451053,(((((-4.121217250824) + (((((2.337716102600 * X4) - ((((0.023945111781 * X1) - 12.700076103210) + ((-0.297931969166) * X3)) - ((-267.479064941406) * X2))) / (sqrt(1 + ((0.871153533459 * X4) - ((0.955048978329 + (0.129779905081 * X3)) / (sqrt(1 + (((((-0.010660802945) * X1) + (((-0.825563967228) * X4) + ((-2.745889902115) ^ 2))) / (sqrt(1 + (exp(((-0.233529075980) * X3)) / ((-3.231001377106) * X2)) ^ 2))) ^ 2) ^ 2)))) ^ 2))) - (1669.500000000000 * X2)) / (sqrt(1 + (((-0.494612783194) * X2) * ((-1.768388867378) * X1)) ^ 2)))) + ((0.003980517853 * X1) + ((((-0.618379235268) * X4) - (0.035027895123 * X3)) + (0.625744342804 * X2)))) ^ 2) / (sqrt(1 + (exp((0.209966421127 * X3)) / ((-328.927246093750) * X2)) ^ 2)))
79,0.2770923674106598,51.0,0.4398343056035913,(((((-0.002405441832) * X1) + ((((-0.153950437903) * X4) + ((((-3.195328950882) + (0.000425575912 * X1)) + (((((((-1.420008063316) * X2) * ((-1.126543998718) * X1)) - ((((-2.293553829193) + ((-0.728621602058) * X3)) - (68.370018005371 * X2)) / (sqrt(1 + (((-0.449753016233) * X2) * ((-0.135222151875) * X1)) ^ 2)))) + ((((-0.007136431523) * X1) + (0.202613830566 * X4)) + (((0.082771204412 * X1) + ((-19.028724670410) + (3.427350759506 * X4))) / (sqrt(1 + (1 / (4.977933883667 * X2)) ^ 2))))) - (680.227844238281 * X2)) / (sqrt(1 + (((-2.770650148392) * X2) * (((-4.570178508759) * X3) + ((-0.724947333336) * X1))) ^ 2)))) + (((-112.813964843750) * X2) * (-0.001630916959)))) ^ 2)) / (sqrt(1 + (1 / (219.776672363281 * X2)) ^ 2))) ^ 2)
96,0.2401820570230484,52.0,0.48721413196485913,((((exp((0.022924203426 * X3)) + ((((-0.186892226338) * X4) + ((((-1.266366839409) + ((-0.000491276383) * X1)) + ((((((-0.006574505940) * X1) - ((((-1.695950627327) + ((-0.960844039917) * X3)) - (65.986648559570 * X2)) / (sqrt(1 + (((-159.913452148438) * X2) * (-0.150056794286)) ^ 2)))) + (((0.156414687634 * X4) - (0.374955207109 * X3)) + (((2.450685024261 * X4) - (-4.991772651672)) / (sqrt(1 + (1 / (7.542970180511 * X2)) ^ 2))))) - (645.603759765625 * X2)) / (sqrt(1 + (((-2.106202602386) * X2) * (((-2.037049293518) * X3) + ((-0.673077881336) * X1))) ^ 2)))) + (((-193.414901733398) * X2) * (-0.000768541591)))) ^ 2)) / (sqrt(1 + (1 / (192.015029907227 * X2)) ^ 2))) + (((-0.006813891698) * X1) - (-3.210509777069))) ^ 2)
32,0.5212979316711426,53.0,0.899654001452465,(((0.403806298971 * X4) - (((0.429511815310 + (0.492671698332 * X4)) - (662.407958984375 * X2)) / (sqrt(1 + (((-0.685554623604) * X2) * ((-0.527000784874) * X1)) ^ 2)))) * ((((1.098903775215 * X4) - ((-0.057998068631) * X3)) + (6.333310127258 + (((0.352779120207 * X4) - (-6.898898124695)) - (((((0.414416670799 * X4) - ((-1.703034043312) * X3)) + (1.642993330956 + (((-2.697212934494) * X2) * ((-1.360074043274) * X1)))) - (897.923400878906 * X2)) / (sqrt(1 + (((-0.175948724151) * X2) * ((-1.590145707130) * X1)) ^ 2)))))) + ((((7.994490146637 - (0.003793802811 * X1)) - (exp(((-0.301501095295) * X3)) / (sqrt(1 + ((-6.652311801910) * X2) ^ 2)))) + (((-0.511970937252) * X2) * (0.013682854362 * X1))) / (sqrt(1 + (1 / (533.059509277344 * X2)) ^ 2)))))
100,0.232574924826622,54.0,0.4535835795241118,((((exp((0.024007303640 * X3)) + ((((-0.187507078052) * X4) + ((((-1.430026412010) + ((-0.000283479370) * X1)) + (((((((-0.006186393555) * X1) + (0.356048315763 * X4)) - ((((-1.552816629410) + ((-0.861577689648) * X3)) - (77.327026367188 * X2)) / (sqrt(1 + (((-0.189106136560) * X2) * (163.726943969727 + ((-0.069595776498) * X1))) ^ 2)))) + ((((-0.201507538557) * X4) - (0.296365886927 * X3)) + (((2.846824884415 * X4) - (-5.119456291199)) / (sqrt(1 + (1 / (6.371633052826 * X2)) ^ 2))))) - (589.595520019531 * X2)) / (sqrt(1 + (((-2.405240058899) * X2) * (((-1.797417163849) * X3) + ((-0.564567148685) * X1))) ^ 2)))) + (0.156841844320 * X2))) ^ 2)) / (sqrt(1 + (1 / (198.128967285156 * X2)) ^ 2))) + (((-0.006281487178) * X1) - (-2.890829563141))) ^ 2)
92,0.2370559722185135,55.0,0.41033858296114356,(((((0.003682179609 * X1) + ((((-0.181082502007) * X4) + ((((-2.490653753281) + ((-0.000317784317) * X1)) + (((((((-1.420008063316) * X2) * ((-1.050515532494) * X1)) - ((((-3.094666719437) + ((-0.685870110989) * X3)) - (68.370018005371 * X2)) / (sqrt(1 + (((-0.449753016233) * X2) * ((-0.140816405416) * X1)) ^ 2)))) + ((((-0.009497544728) * X1) + (0.208217918873 * X4)) + (((0.090756766498 * X1) + ((-19.028724670410) + (3.427350759506 * X4))) / (sqrt(1 + (1 / (5.188498973846 * X2)) ^ 2))))) - (680.227844238281 * X2)) / (sqrt(1 + (((-2.015209913254) * X2) * (((-4.570178508759) * X3) + ((-0.826121568680) * X1))) ^ 2)))) + (((-112.813964843750) * X2) * (-0.002077011857)))) ^ 2)) / (sqrt(1 + (1 / (219.776672363281 * X2)) ^ 2))) + (((-0.009534975514) * X1) - (-3.434196472168))) ^ 2)
100,0.21193349361419678,56.0,0.41382120880625534,((((((-0.005413557403) * X1) + ((((-0.194005548954) * X4) + ((((-1.705531477928) + ((-0.004386616871) * X3)) + ((((((-1.686682105064) + ((-0.005725711584) * X1)) - ((((-2.570869207382) + ((-1.084474086761) * X3)) - (89.886543273926 * X2)) / (sqrt(1 + (((-0.544613897800) * X2) * ((-0.118453316391) * X1)) ^ 2)))) + (((0.143341913819 * X4) - (0.364042669535 * X3)) + (((0.078372776508 * X1) + ((4.952328681946 * X4) - 12.964229583740)) / (sqrt(1 + (1 / (5.042748928070 * X2)) ^ 2))))) - (644.940979003906 * X2)) / (sqrt(1 + (((-1.135303020477) * X2) * (((-4.966225624084) * X3) + ((-1.456243634224) * X1))) ^ 2)))) + (((-64.626350402832) * X2) * (-0.003632874694)))) ^ 2)) / (sqrt(1 + (1 / (136.767517089844 * X2)) ^ 2))) + (3.630468130112 / (sqrt(1 + (1 / (272.101806640625 * X2)) ^ 2)))) ^ 2)
74,0.23496904969215393,57.0,0.4551123507721447,((((exp((0.026355432346 * X3)) + ((((-0.181198582053) * X4) + ((((-1.342066287994) + ((-0.000456907524) * X1)) + (((((((-0.006785695441) * X1) + (0.166300982237 * X4)) - ((((-0.899853169918) + ((-0.528851568699) * X3)) - (19.751586914062 * X2)) / (sqrt(1 + (((-3.046667575836) * X2) * ((0.100054815412 * X2) * 2794.135498046875)) ^ 2)))) + ((exp((0.044579800218 * X3)) / (sqrt(1 + (9.725216865540 * X2) ^ 2))) + (((1.886789202690 * X4) - (-8.235920906067)) / (sqrt(1 + (1 / (10.263480186462 * X2)) ^ 2))))) - (689.114318847656 * X2)) / (sqrt(1 + (((-1.896243453026) * X2) * (((-2.298719167709) * X3) + ((-0.816504657269) * X1))) ^ 2)))) + (((-205.428390502930) * X2) * (-0.000812104845)))) ^ 2)) / (sqrt(1 + (1 / (204.186309814453 * X2)) ^ 2))) + (((-0.006855003070) * X1) - (-3.082320451736))) ^ 2)
45,0.3006250858306885,58.0,0.5078104499925385,((((((-0.005958729889) * X1) + ((((-0.179240003228) * X4) + ((((-1.605167746544) + ((-0.007649659645) * X3)) + (((((((-0.029049783945) * X1) + ((-0.840045392513) * X4)) - ((((-0.824042737484) + ((-1.082658290863) * X3)) - ((-2.732574462891) * X2)) / (sqrt(1 + (((-0.565364241600) * X2) * ((-0.170988261700) * X1)) ^ 2)))) + (((0.019480012357 * X1) + (0.854782998562 * X4)) + (((0.044674132019 * X1) + (((-0.033034328371) * X1) + (4.270216464996 + (1.615008592606 * X4)))) / (sqrt(1 + (1 / (21.857931137085 * X2)) ^ 2))))) - (906.303588867188 * X2)) / (sqrt(1 + (((-1.384784340858) * X2) * (((-6.700776576996) * X3) + ((-1.659502863884) * X1))) ^ 2)))) + (((-56.037460327148) * X2) * (-0.002764866920)))) ^ 2)) / (sqrt(1 + (1 / (109.406021118164 * X2)) ^ 2))) + (3.888809680939 / (sqrt(1 + (1 / ((-212.769287109375) * X2)) ^ 2)))) ^ 2)
74,0.2348555624485016,59.0,0.48634425745208604,((((exp((0.021245295182 * X3)) + ((((-0.185083061457) * X4) + ((((-1.358126878738) + ((-0.000444484409) * X1)) + (((((((-0.009109187871) * X1) + (0.380201905966 * X4)) - ((((-1.641096353531) + ((-1.033352375031) * X3)) - (63.311717987061 * X2)) / (sqrt(1 + (((-0.162207230926) * X2) * (143.596923828125 + ((-3.934232234955) * X4))) ^ 2)))) + ((((-0.206917822361) * X4) - (0.425546079874 * X3)) + (((3.145069837570 * X4) - (-7.137042045593)) / (sqrt(1 + (1 / (6.049179077148 * X2)) ^ 2))))) - (675.850646972656 * X2)) / (sqrt(1 + (((-2.587637901306) * X2) * (((-1.669185638428) * X3) + ((-0.579405963421) * X1))) ^ 2)))) + ((exp(((-0.018454011530) * X3)) / (sqrt(1 + ((-467.742767333984) * X2) ^ 2))) + (0.159821718931 * X2)))) ^ 2)) / (sqrt(1 + (1 / (210.660339355469 * X2)) ^ 2))) + (((-0.006526796613) * X1) - (-2.842333316803))) ^ 2)
89,0.21547742187976837,60.0,0.4429994975009163,((((((-0.005290692206) * X1) + ((((-0.195028811693) * X4) + ((((-1.703788995743) + ((-0.004130445421) * X3)) + ((((((-0.442698597908) + ((-0.011723060161) * X1)) - ((((-1.577416419983) + ((-0.750700712204) * X3)) - (85.702964782715 * X2)) / (sqrt(1 + (((-0.582074522972) * X2) * ((-0.117875970900) * X1)) ^ 2)))) + (((0.005674445070 * X1) + (0.154834270477 * X4)) + (((0.082196459174 * X1) + ((4.253764152527 * X4) - ((((-1.394985795021) * X4) - ((-0.664287865162) * X3)) + 13.220695495605))) / (sqrt(1 + (1 / (4.605818271637 * X2)) ^ 2))))) - (665.651245117188 * X2)) / (sqrt(1 + (((-1.148594498634) * X2) * (((-5.430372238159) * X3) + ((-1.470836877823) * X1))) ^ 2)))) + (((-62.341606140137) * X2) * (-0.003684690455)))) ^ 2)) / (sqrt(1 + (1 / (141.331054687500 * X2)) ^ 2))) + (3.549724578857 / (sqrt(1 + (1 / (277.645019531250 * X2)) ^ 2)))) ^ 2)
33,0.3802134394645691,61.0,0.5696820215604661,(((1.965639948845 * X4) + ((((((-0.226277887821) * X4) + (((0.991739571095 * X4) + ((((-0.000469400547) * X1) + (3.037926197052 + ((-0.591714143753) * X4))) / (sqrt(1 + ((((0.017112171277 * X1) + ((2.915894269943 * X3) - 4.124509811401)) - ((-419.977844238281) * X2)) / (sqrt(1 + (((-1.929477095604) * X2) * ((-3.754170179367) * X1)) ^ 2))) ^ 2)))) / (sqrt(1 + (1 / (327.012359619141 * X2)) ^ 2)))) ^ 2) + (((((-4.506908893585) + ((-1.761833667755) * X4)) - ((-2239.274169921875) * X2)) / (sqrt(1 + (((-0.451366335154) * X2) * ((0.256661891937 * X1) * 7.814637660980)) ^ 2))) + (0.011730074883 * X1))) + (((((-2.150824069977) * X4) + (((-43.331516265869) * X2) * 0.015007012524)) - (((((-0.057150393724) * X4) + (1.532651066780 - (0.001568758511 * X1))) + (0.013427265920 * X1)) + 4.454315662384)) / (sqrt(1 + (1 / ((-174.553878784180) * X2)) ^ 2))))) ^ 2)
100,0.2011299878358841,62.0,0.41854404727692146,(((0.773577272892 * X4) - (((((-0.002958435332) * X1) + ((((-0.652839422226) * X4) - ((0.913536965847 - ((-572.927246093750) * X2)) / (sqrt(1 + (((-0.802214443684) * X2) * ((-0.878848671913) * X1)) ^ 2)))) ^ 2)) - (1772.428710937500 * X2)) / (sqrt(1 + (((-1.030073881149) * X2) * ((-0.755720317364) * X1)) ^ 2)))) * (((((-15.490608215332) + (0.049761842936 * X3)) / (sqrt(1 + ((0.215919509530 * X4) + (519459.250000000000 / (sqrt(1 + (1622.384643554688 * X1) ^ 2)))) ^ 2))) + (11.888058662415 + ((-0.574255287647) * X4))) + ((((((-0.010795791633) * X1) - (-15.381334304810)) - ((((0.123594537377 * X4) + (((0.000691982219 * X1) - ((((-0.054377559572) * X4) - ((-0.336195021868) * X3)) / (sqrt(1 + (((-1.011755943298) * X2) * ((-0.104106158018) * X1)) ^ 2)))) + (((-164.169738769531) * X2) * 0.010985189117))) ^ 2) / (sqrt(1 + (0.099830076098 * X2) ^ 2)))) + 0.121803395450) / (sqrt(1 + (1 / ((-464.395996093750) * X2)) ^ 2)))))
89,0.21357020735740662,63.0,0.46314123459435613,(((0.310741782188 * X4) - (((((-0.002379684476) * X1) + (((0.483975648880 * X4) + ((1.292260050774 + (((((-0.004944148008) * X1) + (((-0.018910182640) * X4) + 2.868613004684)) ^ 2) / (sqrt(1 + (1 / (33.242309570312 * X2)) ^ 2)))) + (((-64.389106750488) * X2) * 0.242424979806))) ^ 2)) - (767.834716796875 * X2)) / (sqrt(1 + (((-1.025414228439) * X2) * ((-0.544719338417) * X1)) ^ 2)))) * (((((-16.988315582275) + (0.074948385358 * X3)) / (sqrt(1 + ((0.256000310183 * X4) + (565095.250000000000 / (sqrt(1 + (1490.714111328125 * X1) ^ 2)))) ^ 2))) + (10.760714530945 + ((-1.719710230827) * X4))) + ((((0.003704249859 ^ 2) - (((-1.935507655144) * X4) + (((0.020691046491 * X1) + (-27.398582458496)) / (sqrt(1 + (exp((0.250984847546 * X3)) / (sqrt(1 + ((-521.735961914062) * X2) ^ 2))) ^ 2))))) + ((0.002406276995 * X2) * (2.956050872803 * X1))) / (sqrt(1 + (1 / ((-803.851867675781) * X2)) ^ 2)))))
100,0.19580350816249847,64.0,0.40470698709250946,(((0.783313155174 * X4) - (((((-0.003099272493) * X1) + ((((-0.651149868965) * X4) - ((((-0.167327076197) - ((-0.002181230346) * X1)) - ((-809.677856445312) * X2)) / (sqrt(1 + (((-0.936171412468) * X2) * ((-1.025602102280) * X1)) ^ 2)))) ^ 2)) - (1767.739501953125 * X2)) / (sqrt(1 + (((-1.026215910912) * X2) * ((-0.752889931202) * X1)) ^ 2)))) * (((((-15.444890975952) + (0.048836588860 * X3)) / (sqrt(1 + ((0.215091601014 * X4) + (516777.500000000000 / (sqrt(1 + (1630.826293945312 * X1) ^ 2)))) ^ 2))) + (11.926355361938 + ((-0.577144682407) * X4))) + ((((((-0.010872001760) * X1) - (-15.363280296326)) - ((((0.120545044541 * X4) + (((0.000673549541 * X1) - ((((-0.091858565807) * X4) - ((-0.339399695396) * X3)) / (sqrt(1 + (((-1.018387556076) * X2) * ((-0.104788534343) * X1)) ^ 2)))) + (((-164.001312255859) * X2) * 0.010973917320))) ^ 2) / (sqrt(1 + ((-0.094077847898) * X2) ^ 2)))) + 0.103749252856) / (sqrt(1 + (1 / ((-474.785369873047) * X2)) ^ 2)))))
83,0.211863711476326,65.0,0.4699743860439214,(((0.308705657721 * X4) - (((((-0.002341181505) * X1) + (((0.484171450138 * X4) + (((1.550225257874 + ((-0.000616314937) * X1)) + (((((-0.004570725374) * X1) + (((-0.019131243229) * X4) + 2.735609292984)) ^ 2) / (sqrt(1 + (1 / (29.472122192383 * X2)) ^ 2)))) + (((-64.389106750488) * X2) * 0.245443493128))) ^ 2)) - (767.834716796875 * X2)) / (sqrt(1 + (((-1.025414228439) * X2) * ((-0.548623561859) * X1)) ^ 2)))) * (((((-17.675651550293) + (0.076520547271 * X3)) / (sqrt(1 + ((0.254327952862 * X4) + (565095.250000000000 / (sqrt(1 + (1490.714111328125 * X1) ^ 2)))) ^ 2))) + (11.134898185730 + ((-1.827420353889) * X4))) + ((((0.003704249859 ^ 2) - (((-1.997894406319) * X4) + (((0.020375343040 * X1) + (-27.504812240601)) / (sqrt(1 + (exp((0.250784307718 * X3)) / (sqrt(1 + ((-521.735961914062) * X2) ^ 2))) ^ 2))))) + (((-1.104691743851) * X2) * ((-0.006722846068) * X1))) / (sqrt(1 + (1 / ((-803.851867675781) * X2)) ^ 2)))))
100,0.18669505417346954,66.0,0.4077908280362472,(((0.841069459915 * X4) - (((((-0.003880430246) * X1) + ((((-0.658681690693) * X4) - ((((-0.174822956324) - ((-0.002447277540) * X1)) - ((-808.476318359375) * X2)) / (sqrt(1 + (((-0.951930165291) * X2) * ((-1.025738835335) * X1)) ^ 2)))) ^ 2)) - (1767.832275390625 * X2)) / (sqrt(1 + (((-1.026162028313) * X2) * ((-0.697395324707) * X1)) ^ 2)))) * (((((-14.337564468384) + (0.052061062306 * X3)) / (sqrt(1 + ((0.211797147989 * X4) + (514612.812500000000 / (sqrt(1 + (1637.722167968750 * X1) ^ 2)))) ^ 2))) + (11.043143272400 + ((-0.532260715961) * X4))) + ((((((-0.010302060284) * X1) - (-15.377470970154)) - ((((0.105267040431 * X4) + (((0.000628496753 * X1) - ((((-0.124152936041) * X4) - ((-0.331207513809) * X3)) / (sqrt(1 + (((-1.021158814430) * X2) * ((-0.110357359052) * X1)) ^ 2)))) + (((-160.800674438477) * X2) * 0.015161902644))) ^ 2) / (sqrt(1 + (1.486261606216 * X2) ^ 2)))) + ((-1.041393041611) - ((-1.018165230751) * X2))) / (sqrt(1 + (1 / ((-474.935394287109) * X2)) ^ 2)))))
100,0.17430545389652252,67.0,0.4584849061358565,(((0.388751983643 * X4) - (((((-0.002253632527) * X1) + ((((-0.595422685146) * X4) - ((((exp(((-0.109726950526) * X3)) / (sqrt(1 + ((-539.403442382812) * X2) ^ 2))) - ((-0.000410879526) * X1)) - ((-476.308959960938) * X2)) / (sqrt(1 + (((-0.895119965076) * X2) * ((-0.780110776424) * X1)) ^ 2)))) ^ 2)) - (1012.586486816406 * X2)) / (sqrt(1 + (((-1.048326730728) * X2) * ((-0.651875734329) * X1)) ^ 2)))) * (((((-21.307905197144) + (0.094825722277 * X3)) / (sqrt(1 + ((0.204264968634 * X4) + (525550.625000000000 / (sqrt(1 + (1604.153320312500 * X1) ^ 2)))) ^ 2))) + 19.088823318481) + (((((0.588902533054 * X1) - (-21.236778259277)) - ((((0.155447244644 * X4) + (((0.508206844330 + ((-0.019602602348) * X3)) - (((0.166773766279 * X4) - ((-0.395062685013) * X3)) / (sqrt(1 + (((-1.036183357239) * X2) * ((-0.107240669429) * X1)) ^ 2)))) + (((-219.423965454102) * X2) * 0.012203062885))) ^ 2) / (sqrt(1 + (1.651270270348 * X2) ^ 2)))) + ((-0.606331586838) * X1)) / (sqrt(1 + (1 / ((-422.373687744141) * X2)) ^ 2)))))
96,0.1824847161769867,68.0,0.3912373949975992,(((0.687092781067 * X4) - (((((-0.003588772146) * X1) + ((((-0.656741440296) * X4) - (((exp(((-0.025257730857) * X3)) - ((-0.000178417758) * X1)) - ((-451.609802246094) * X2)) / (sqrt(1 + (((-0.852150499821) * X2) * ((-0.791878819466) * X1)) ^ 2)))) ^ 2)) - (1359.489746093750 * X2)) / (sqrt(1 + (((-1.104976058006) * X2) * ((-0.621135532856) * X1)) ^ 2)))) * (((((-17.564252853394) + (0.060147337615 * X3)) / (sqrt(1 + ((0.222738862038 * X4) + (520139.718750000000 / (sqrt(1 + (1620.888549804688 * X1) ^ 2)))) ^ 2))) + (11.950249671936 + ((-1.283421993256) * X4))) + ((((((-0.012359157205) * X1) + (0.523607611656 * X4)) - ((((0.153235241771 * X4) + (((0.585419297218 + (0.000353260082 * X1)) - (exp((0.136999383569 * X3)) / (sqrt(1 + (((-1.047677874565) * X2) * ((-0.094995215535) * X1)) ^ 2)))) + (((-191.639236450195) * X2) * 0.023018946871))) ^ 2) / (sqrt(1 + (3.694285869598 * X2) ^ 2)))) + (18.978029251099 - ((-1.910953760147) * X2))) / (sqrt(1 + (1 / ((-472.955047607422) * X2)) ^ 2)))))
100,0.16993145644664764,69.0,0.460339376984262,(((0.465801239014 * X4) - (((((-0.002434193389) * X1) + ((((-0.611110687256) * X4) - ((((exp(((-0.110053405166) * X3)) / (sqrt(1 + ((-539.403442382812) * X2) ^ 2))) - ((-0.000461408403) * X1)) - ((-476.308959960938) * X2)) / (sqrt(1 + (((-0.895119965076) * X2) * ((-0.773315131664) * X1)) ^ 2)))) ^ 2)) - (1012.586486816406 * X2)) / (sqrt(1 + (((-0.807131230831) * X2) * ((-0.874738395214) * X1)) ^ 2)))) * (((((-25.071615219116) + (0.087260968983 * X3)) / (sqrt(1 + ((0.216365411878 * X4) + (525550.625000000000 / (sqrt(1 + (1604.153320312500 * X1) ^ 2)))) ^ 2))) + (20.552730560303 + ((-0.784363746643) * X4))) + (((((0.585631191730 * X1) - (-22.626966476440)) - ((((0.180951848626 * X4) + (((0.544816553593 + ((-0.014579473995) * X3)) - (((0.273669004440 * X4) - ((-0.394556224346) * X3)) / (sqrt(1 + (((-1.036183357239) * X2) * ((-0.104451142251) * X1)) ^ 2)))) + (((-219.423965454102) * X2) * 0.012618294917))) ^ 2) / (sqrt(1 + (1.586996078491 * X2) ^ 2)))) + ((-0.601521790028) * X1)) / (sqrt(1 + (1 / ((-422.373687744141) * X2)) ^ 2)))))
86,0.18197225034236908,70.0,0.42480662840654965,(((0.502017438412 * X4) - (((((-0.002444417449) * X1) + ((((-0.525202393532) * X4) - ((((((-0.006285648327) * X4) + 0.254042804241) - ((-0.001251075533) * X1)) - ((-484.421691894531) * X2)) / (sqrt(1 + (((-0.872447371483) * X2) * ((-0.900422990322) * X1)) ^ 2)))) ^ 2)) - (1042.001708984375 * X2)) / (sqrt(1 + (((-1.073795676231) * X2) * ((-0.665260672569) * X1)) ^ 2)))) * (((((-23.145433425903) + (0.089156113565 * X3)) / (sqrt(1 + ((0.225275173783 * X4) + (522691.531250000000 / (sqrt(1 + (1613.032470703125 * X1) ^ 2)))) ^ 2))) + (17.644720077515 + ((-0.955669462681) * X4))) + ((((((-0.016968006268) * X1) - (-24.489316940308)) - ((((0.155548825860 * X4) + (((0.457792967558 + (0.000302109605 * X1)) - ((((-0.252136081457) * X4) - ((-0.458513349295) * X3)) / (sqrt(1 + (((-0.243490561843) * X2) * ((-0.427161246538) * X1)) ^ 2)))) + (((-211.379165649414) * X2) * 0.018271947280))) ^ 2) / (sqrt(1 + (2.374309301376 * X2) ^ 2)))) + ((-0.534448742867) - ((-1.724997520447) * X2))) / (sqrt(1 + (1 / ((-441.227661132812) * X2)) ^ 2)))))
91,0.17614425718784332,71.0,0.4324061344848249,(((0.281556993723 * X4) - (((((-0.001501852763) * X1) + ((((0.485579878092 * X4) + 0.367255836725) - ((((-0.490808635950) + (0.034882090986 * X3)) - (220.914001464844 * X2)) / (sqrt(1 + (((-2.670582771301) * X2) * ((-0.210439950228) * X1)) ^ 2)))) ^ 2)) - (634.894775390625 * X2)) / (sqrt(1 + (((-0.566827237606) * X2) * ((-1.263980984688) * X1)) ^ 2)))) * (((((-28.146955490112) + (0.073442988098 * X3)) / (sqrt(1 + ((0.260057270527 * X4) + (551255.750000000000 / (sqrt(1 + (1550.380249023438 * X1) ^ 2)))) ^ 2))) + 25.174009323120) + ((((((((-0.032183915377) * X1) + 30.973890304565) / (sqrt(1 + (exp((0.505091011524 * X3)) / (sqrt(1 + ((-2664.651123046875) * X2) ^ 2))) ^ 2))) - (-9.607212066650)) - (((((-0.062861539423) * X4) + ((((-1.092430353165) + (0.486454486847 * X3)) - (83.662322998047 * X2)) / (sqrt(1 + (((-0.259804874659) * X2) * (181.363265991211 + ((-30.138942718506) * X4))) ^ 2)))) ^ 2) / (sqrt(1 + ((-6.246396064758) * X2) ^ 2)))) + (((-25.520217895508) * X2) * 0.280911803246)) / (sqrt(1 + (1 / ((-347.448974609375) * X2)) ^ 2)))))
100,0.16852115094661713,72.0,0.43432924143055146,(((0.414116591215 * X4) - (((((-0.002159023657) * X1) + ((((-0.430959492922) * X4) + (((((0.107515938580 * X3) + ((-0.003754008329) * X1)) / (sqrt(1 + (1 / (9.035614013672 * X2)) ^ 2))) + ((((((-0.727580010891) * X4) - ((-0.073514312506) * X3)) + ((((-0.325387835503) * X4) - (exp((0.027361290529 * X3)) / (sqrt(1 + ((-350.205474853516) * X2) ^ 2)))) + (0.939913570881 * X4))) - (383.123229980469 * X2)) / (sqrt(1 + ((0.771447360516 * X2) * ((9.339503288269 * X3) + ((-0.826873600483) * X1))) ^ 2)))) + (((-63.462001800537) * X2) * (-0.204570621252)))) ^ 2)) - (818.720275878906 * X2)) / (sqrt(1 + (((-1.039059638977) * X2) * ((-0.602267742157) * X1)) ^ 2)))) * (((((-24.160385131836) + (0.488848924637 * X3)) / (sqrt(1 + ((0.211842522025 * X4) + (521071.625000000000 / (sqrt(1 + (1614.406127929688 * X1) ^ 2)))) ^ 2))) + (17.109663009644 + ((-0.553017973900) * X4))) + ((((((-0.019533744082) * X1) + 28.388742446899) / (sqrt(1 + (exp((0.245707660913 * X3)) / (sqrt(1 + ((-526.731872558594) * X2) ^ 2))) ^ 2))) + ((-0.301424533129) * X3)) / (sqrt(1 + (1 / ((-957.252441406250) * X2)) ^ 2)))))
93,0.1724909394979477,73.0,0.4065826459950057,(((0.470744073391 * X4) - (((((-0.002984232036) * X1) + ((((-0.616475760937) * X4) - (((exp(((-0.040035292506) * X3)) - ((-0.000166886704) * X1)) - ((-325.975128173828) * X2)) / (sqrt(1 + (((-0.758658707142) * X2) * ((-0.757246255875) * X1)) ^ 2)))) ^ 2)) - (1007.622863769531 * X2)) / (sqrt(1 + (((-1.048447489738) * X2) * ((-0.681266367435) * X1)) ^ 2)))) * (((((-23.074073791504) + (0.094098821282 * X3)) / (sqrt(1 + ((0.224940210581 * X4) + (517776.531250000000 / (sqrt(1 + (1628.058471679688 * X1) ^ 2)))) ^ 2))) + (18.345968246460 + ((-0.769152045250) * X4))) + ((((((-0.018155144528) * X1) - (-24.155073165894)) - ((((0.250772625208 * X4) + (((0.416808933020 + (0.000187088110 * X1)) - (((0.402106702328 * X4) - ((-0.403154373169) * X3)) / (sqrt(1 + (((-1.074708819389) * X2) * ((-0.099335350096) * X1)) ^ 2)))) + (((-225.038864135742) * X2) * 0.018756465986))) ^ 2) / (sqrt(1 + (2.416265010834 * X2) ^ 2)))) + ((0.013631909154 * X2) * (162.537384033203 + (64.081985473633 + ((-40.566093444824) * X4))))) / (sqrt(1 + (1 / ((-386.867218017578) * X2)) ^ 2)))))
88,0.17838206887245178,74.0,0.4735271644163641,(((0.345979809761 * X4) - (((((-0.001656267443) * X1) + ((((-0.454998552799) * X4) + (((1.743611574173 + ((-0.000367563189) * X1)) + ((((((0.645317494869 * X4) - ((-329.703247070312) * X2)) / (sqrt(1 + (((-0.346591979265) * X2) * ((-0.508159339428) * X1)) ^ 2))) + (((-0.639719069004) * X4) - 2.585993528366)) - (554.615234375000 * X2)) / (sqrt(1 + ((0.212475150824 * X2) * (((-4.985746383667) * X3) + ((-1.631751298904) * X1))) ^ 2)))) + (((-59.181964874268) * X2) * (-0.269849717617)))) ^ 2)) - (856.704406738281 * X2)) / (sqrt(1 + (((-1.044755816460) * X2) * ((-0.622842013836) * X1)) ^ 2)))) * (((((-22.067899703979) + (0.078883521259 * X3)) / (sqrt(1 + ((0.236277028918 * X4) + (548511.125000000000 / (sqrt(1 + (1536.886718750000 * X1) ^ 2)))) ^ 2))) + 13.884876251221) + (((((0.027883827686 * X1) - 11.587107658386) - ((0.289465367794 * X4) + (((0.046452652663 * X1) + (-40.013561248779)) / (sqrt(1 + (exp((0.267357528210 * X3)) / (sqrt(1 + ((-591.370666503906) * X2) ^ 2))) ^ 2))))) + ((0.002712623915 * X2) * (2.227874279022 * X1))) / (sqrt(1 + (1 / ((-1602.257690429688) * X2)) ^ 2)))))
40,0.22680099308490753,75.0,0.5876348860794174,((((-0.034470126033) * X1) + (((5.723753452301 * X4) - ((((-32.940177917480) + (0.569422006607 * X4)) - (((-0.046952702105) * X1) + (34.994178771973 + (8.557235717773 * X4)))) / (sqrt(1 + (((9.395264625549 * X2) * (-1.742311000824)) + tanh((0.661075651646 * X4))) ^ 2)))) * (((((-0.155095458031) * X4) - ((-0.022510545328) * X3)) + (0.040300313383 + (0.000415017363 * X1))) + ((((-8.382465362549) * X4) + ((-0.316530078650) + (8.498428344727 * X4))) / (sqrt(1 + (1 / ((-43.555976867676) * X2)) ^ 2)))))) - (((((0.005207990296 * X1) - (-47.141174316406)) - (exp((0.146868318319 * X3)) / (sqrt(1 + ((-81.825065612793) * X2) ^ 2)))) - (44.552875518799 + (0.684181869030 * X2))) * (6.444377899170 - (((((-1.431687116623) * X4) - (0.049827951938 * X3)) - ((-0.011388131417) * X1)) + ((((-1.889683127403) - ((-0.001861215918) * X1)) + (((-0.551473677158) * X4) - ((((0.307175874710 * X4) + ((-0.783501088619) * X4)) - ((-667.556274414062) * X2)) / (sqrt(1 + (((-0.770742774010) * X2) * ((-0.667079031467) * X1)) ^ 2))))) ^ 2)))))
100,0.1609698086977005,76.0,0.4054978137047323,(((0.488609641790 * X4) - (((((-0.004157530610) * X1) + ((((-0.715571105480) * X4) + ((((-1.485614776611) * X2) + (((((((-1.713876247406) * X4) - ((-253.302474975586) * X2)) / (sqrt(1 + ((6.072210311890 * X2) * ((15.390982627869 * X3) + ((-0.021581053734) * X1))) ^ 2))) + ((1.696401953697 * X4) - 1.405868768692)) - (435.891448974609 * X2)) / (sqrt(1 + ((0.123841352761 * X2) * (((-10.622776031494) * X3) + ((-2.792447090149) * X1))) ^ 2)))) + (((-64.692848205566) * X2) * (-0.368164271116)))) ^ 2)) - (1254.244018554688 * X2)) / (sqrt(1 + (((-0.503710985184) * X2) * ((-1.079105854034) * X1)) ^ 2)))) * (((((-12.023025512695) + (0.363027930260 * X3)) / (sqrt(1 + ((0.190770730376 * X4) + (495092.687500000000 / (sqrt(1 + (1620.368041992188 * X1) ^ 2)))) ^ 2))) + (7.863458633423 + ((-1.795104622841) * X4))) + ((((((0.416754961014 * X4) - (0.243304520845 * X3)) + (2.588910818100 * X2)) - (((-1.652963995934) * X4) + (((0.012317958288 * X1) + (-17.094482421875)) / (sqrt(1 + (exp((0.269729405642 * X3)) / (sqrt(1 + ((-828.717895507812) * X2) ^ 2))) ^ 2))))) + (-0.200199589133)) / (sqrt(1 + (1 / ((-548.201965332031) * X2)) ^ 2)))))
86,0.17395809292793274,77.0,0.46808113957031783,(((0.401893377304 * X4) - (((((-0.001794942422) * X1) + ((((-0.505791187286) * X4) + (((((0.064003430307 * X3) + ((-0.003572794609) * X1)) / (sqrt(1 + (1 / (3.940268516541 * X2)) ^ 2))) + (((((((-0.001785231638) * X1) + (0.041428826749 * X4)) - ((((-37.407413482666) * X2) * 10.030094146729) / (sqrt(1 + ((16.473583221436 * X2) * (-4.323324203491)) ^ 2)))) + ((-272.739471435547) * X2)) - (624.980346679688 * X2)) / (sqrt(1 + ((0.527861654758 * X2) * (((-1.209488868713) * X3) + ((-1.973264455795) * X1))) ^ 2)))) + (((-58.482696533203) * X2) * (-0.241699114442)))) ^ 2)) - (881.705505371094 * X2)) / (sqrt(1 + (((-1.145183086395) * X2) * ((-0.630116939545) * X1)) ^ 2)))) * (((((-24.011787414551) + (0.103552795947 * X3)) / (sqrt(1 + ((0.257977813482 * X4) + (556770.250000000000 / (sqrt(1 + (1515.854736328125 * X1) ^ 2)))) ^ 2))) + (16.056200027466 + ((-1.294291853905) * X4))) + ((((0.031766828150 * X1) - 14.260202407837) - (((-0.290262550116) * X4) + (((0.051170639694 * X1) + (-43.877826690674)) / (sqrt(1 + (exp((0.231307506561 * X3)) / (sqrt(1 + ((-425.129333496094) * X2) ^ 2))) ^ 2))))) / (sqrt(1 + (1 / ((-979.950012207031) * X2)) ^ 2)))))
100,0.15790608525276184,78.0,0.4307608664174139,(((0.365071862936 * X4) - (((((-0.001596748014) * X1) + ((((-0.503970265388) * X4) + (((((0.080353081226 * X3) + ((-0.004139956553) * X1)) / (sqrt(1 + (1 / (8.280809402466 * X2)) ^ 2))) + ((((((-0.857663154602) * X2) * ((-0.277405828238) * X1)) + ((((-0.727284550667) * X4) - (exp(((-0.057509131730) * X3)) / (sqrt(1 + ((-197.859191894531) * X2) ^ 2)))) + (0.748127758503 * X4))) - (307.906555175781 * X2)) / (sqrt(1 + ((0.549196481705 * X2) * ((3.584368705750 * X3) + ((-0.659629225731) * X1))) ^ 2)))) + (((-64.326629638672) * X2) * (-0.206488355994)))) ^ 2)) - (821.020263671875 * X2)) / (sqrt(1 + (((-1.076813101768) * X2) * ((-0.634059727192) * X1)) ^ 2)))) * (((((-24.426570892334) + (0.441590040922 * X3)) / (sqrt(1 + ((0.224982306361 * X4) + (531587.375000000000 / (sqrt(1 + (1582.073730468750 * X1) ^ 2)))) ^ 2))) + (19.165786743164 + ((-0.545330405235) * X4))) + (((((0.019199546427 * X1) - 11.723623275757) - (((-0.067317381501) * X4) + (((0.041023936123 * X1) + (-40.565608978271)) / (sqrt(1 + (exp((0.250585824251 * X3)) / (sqrt(1 + ((-549.184692382812) * X2) ^ 2))) ^ 2))))) + ((-0.253013998270) * X3)) / (sqrt(1 + (1 / ((-985.264770507812) * X2)) ^ 2)))))
100,0.1561364084482193,79.0,0.41486769057317796,(((0.245610833168 * X4) - (((((-0.001177247963) * X1) + ((((-0.405969411135) * X4) + (((((0.089044257998 * X3) + ((0.006209198385 * X1) + (((-0.174082204700) * X4) - 3.890760183334))) / (sqrt(1 + (1 / (13.831671714783 * X2)) ^ 2))) + ((((((-0.051850590855) * X4) - ((-0.045536451042) * X3)) + (((-0.000779251684) * X1) + (-0.518457949162))) - (244.631164550781 * X2)) / (sqrt(1 + ((0.889100313187 * X2) * ((5.801616191864 * X3) + ((-0.731678903103) * X1))) ^ 2)))) + (((-60.281993865967) * X2) * (-0.239965021610)))) ^ 2)) - (649.157775878906 * X2)) / (sqrt(1 + (((-0.938117146492) * X2) * ((-0.656520605087) * X1)) ^ 2)))) * (((((-37.510749816895) + (0.954981207848 * X3)) / (sqrt(1 + ((0.170132651925 * X4) + (485919.468750000000 / (sqrt(1 + (1719.886352539062 * X1) ^ 2)))) ^ 2))) + (30.831504821777 + (((-0.010623716749) * X2) * ((-0.825800538063) * X1)))) + (((((0.014572465792 * X1) - 9.007840156555) - ((0.052845068276 * X4) + (((0.036937668920 * X1) + (-40.581184387207)) / (sqrt(1 + (exp((0.301448583603 * X3)) / (sqrt(1 + ((-812.293701171875) * X2) ^ 2))) ^ 2))))) + ((-0.656738579273) * X3)) / (sqrt(1 + (1 / ((-1333.048339843750) * X2)) ^ 2)))))
100,0.15486638247966766,80.0,0.4215929668485485,(((0.429891198874 * X4) - (((((-0.003640247975) * X1) + ((((-0.854510426521) * X4) + (((0.863422036171 + (0.001298937015 * X1)) + ((((((((-0.104153521359) * X4) - ((-0.079350717366) * X3)) + (250.824966430664 * X2)) / (sqrt(1 + (((-3.583995580673) * X2) * ((4.691514492035 * X3) + ((-0.047464828938) * X1))) ^ 2))) + ((0.188017815351 * X4) - 2.889261484146)) - (428.132019042969 * X2)) / (sqrt(1 + ((0.108737103641 * X2) * (((-12.861085891724) * X3) + ((-2.305339574814) * X1))) ^ 2)))) + (((-66.847465515137) * X2) * (-0.379519641399)))) ^ 2)) - (1394.708496093750 * X2)) / (sqrt(1 + (((-0.553883016109) * X2) * ((-1.173824071884) * X1)) ^ 2)))) * (((((-12.219264984131) + (0.313270211220 * X3)) / (sqrt(1 + ((0.217277362943 * X4) + (505919.000000000000 / (sqrt(1 + (1586.158569335938 * X1) ^ 2)))) ^ 2))) + (9.007423400879 + ((-1.577779412270) * X4))) + ((((((0.292990207672 * X4) - (0.186510413885 * X3)) + (4.123260021210 * X2)) - (((-1.486901760101) * X4) + (((0.012395315804 * X1) + (-18.368768692017)) / (sqrt(1 + (exp((0.254225909710 * X3)) / (sqrt(1 + ((-592.815612792969) * X2) ^ 2))) ^ 2))))) + (-1.961940884590)) / (sqrt(1 + (1 / ((-523.221313476562) * X2)) ^ 2)))))
100,0.14960002899169922,81.0,0.4284155157601056,(((0.343549311161 * X4) - (((((-0.001879042131) * X1) + ((((-0.121493242681) * X4) + (((((0.116229347885 * X3) + (((-0.005838637240) * X1) + ((-0.468867659569) * X4))) / (sqrt(1 + (1 / (12.232446670532 * X2)) ^ 2))) + ((((((-0.445750832558) * X4) - ((-0.096356295049) * X3)) + (((((-0.000804614974) * X1) - 0.940986454487) - (((-0.939109683037) * X2) * (0.532236993313 * X1))) + ((-0.005591260269) * X4))) - (270.255279541016 * X2)) / (sqrt(1 + ((0.254366159439 * X2) * ((11.359372138977 * X3) + ((-0.992341637611) * X1))) ^ 2)))) + (((-64.113677978516) * X2) * (-0.203297600150)))) ^ 2)) - (838.793701171875 * X2)) / (sqrt(1 + (((-1.049038529396) * X2) * ((-0.652757763863) * X1)) ^ 2)))) * (((((-25.411565780640) + (0.589099884033 * X3)) / (sqrt(1 + ((0.202266737819 * X4) + (521701.312500000000 / (sqrt(1 + (1612.026489257812 * X1) ^ 2)))) ^ 2))) + (17.028291702271 + ((-1.757270693779) * X4))) + (((((0.022345161065 * X1) - 11.247748374939) - (((-1.552617192268) * X4) + (((0.043721031398 * X1) + (-42.688743591309)) / (sqrt(1 + (exp((0.249207705259 * X3)) / (sqrt(1 + ((-474.227996826172) * X2) ^ 2))) ^ 2))))) + ((-0.360341787338) * X3)) / (sqrt(1 + (1 / ((-985.429565429688) * X2)) ^ 2)))))
96,0.15314261615276337,82.0,0.4358180639984813,(((0.361283510923 * X4) - (((((-0.001834906754) * X1) + ((((-0.534892141819) * X4) + (((((0.187162473798 * X3) + ((-0.009946426377) * X1)) / (sqrt(1 + (1 / (15.700196266174 * X2)) ^ 2))) + (((((-1.443504333496) + (134.745803833008 * X2)) + (((((-0.039055753499) * X2) * ((72.637260437012 * X3) + ((-10.282536506653) * X1))) - (exp((0.118024148047 * X3)) / ((-4499.111328125000) * X2))) + (0.060842260718 * X4))) - (253.298477172852 * X2)) / (sqrt(1 + ((0.688584625721 * X2) * (((-30.474369049072) * X2) + (0.113447070122 * X1))) ^ 2)))) + (((-62.002143859863) * X2) * (-0.183739840984)))) ^ 2)) - (801.635559082031 * X2)) / (sqrt(1 + (((-1.040520310402) * X2) * ((-0.576984643936) * X1)) ^ 2)))) * (((((-21.321411132812) + (0.616457104683 * X3)) / (sqrt(1 + ((0.205334529281 * X4) + (520941.031250000000 / (sqrt(1 + (1616.342285156250 * X1) ^ 2)))) ^ 2))) + (11.940958976746 + ((-1.842723727226) * X4))) + (((((0.012172808871 * X1) - 1.925773739815) - (((-1.881960868835) * X4) + (((0.033208627254 * X1) + (-33.533878326416)) / (sqrt(1 + (exp((0.282037377357 * X3)) / (sqrt(1 + ((-653.855407714844) * X2) ^ 2))) ^ 2))))) + ((-0.393907129765) * X3)) / (sqrt(1 + (1 / ((-1224.347167968750) * X2)) ^ 2)))))
96,0.1524239182472229,83.0,0.4367512957238209,(((0.328355669975 * X4) - (((((-0.001571162255) * X1) + ((((-0.313455641270) * X4) + (((((0.117506891489 * X3) + (((-0.003739465028) * X1) + (((-0.283881038427) * X4) - 0.573594570160))) / (sqrt(1 + (1 / (12.078968048096 * X2)) ^ 2))) + ((((((-0.945943176746) * X4) - ((-0.121104083955) * X3)) + (((((-0.001550321002) * X1) - 0.490159511566) - (((-1.006014466286) * X2) * (0.546396672726 * X1))) + (0.681878745556 * X4))) - (383.123229980469 * X2)) / (sqrt(1 + ((0.479450315237 * X2) * ((9.339503288269 * X3) + ((-0.904446840286) * X1))) ^ 2)))) + (((-63.462001800537) * X2) * (-0.203537836671)))) ^ 2)) - (818.720275878906 * X2)) / (sqrt(1 + (((-1.039059638977) * X2) * ((-0.655375778675) * X1)) ^ 2)))) * (((((-25.971590042114) + (0.603691816330 * X3)) / (sqrt(1 + ((0.201389417052 * X4) + (521071.625000000000 / (sqrt(1 + (1614.406127929688 * X1) ^ 2)))) ^ 2))) + (17.212610244751 + ((-1.752507209778) * X4))) + (((((0.022076683119 * X1) - 10.848041534424) - (((-1.610392570496) * X4) + (((0.043689008802 * X1) + (-43.051651000977)) / (sqrt(1 + (exp((0.276458203793 * X3)) / (sqrt(1 + ((-644.496154785156) * X2) ^ 2))) ^ 2))))) + ((-0.372393399477) * X3)) / (sqrt(1 + (1 / ((-957.252441406250) * X2)) ^ 2)))))
96,0.14962047338485718,84.0,0.43267336273606277,(((0.331240862608 * X4) - (((((-0.002035957063) * X1) + ((((-0.299263209105) * X4) + (((((0.118719793856 * X3) + (((-0.000839400454) * X1) + (((-0.298394441605) * X4) - 1.572436928749))) / (sqrt(1 + (1 / (8.596046447754 * X2)) ^ 2))) + ((((((-0.957462847233) * X4) - ((-0.188224419951) * X3)) + (((((-0.062703870237) * X3) + ((-0.000952301198) * X1)) - (exp(((-0.424752593040) * X3)) / (sqrt(1 + ((-434.212524414062) * X2) ^ 2)))) + (0.519128203392 * X4))) - (370.024658203125 * X2)) / (sqrt(1 + ((0.680551290512 * X2) * ((9.098930358887 * X3) + ((-0.994382739067) * X1))) ^ 2)))) + (((-63.605171203613) * X2) * (-0.208359882236)))) ^ 2)) - (808.034179687500 * X2)) / (sqrt(1 + (((-1.043447852135) * X2) * ((-0.597938537598) * X1)) ^ 2)))) * (((((-23.851829528809) + (0.547274410725 * X3)) / (sqrt(1 + ((0.197134435177 * X4) + (522831.718750000000 / (sqrt(1 + (1608.906127929688 * X1) ^ 2)))) ^ 2))) + (15.374361038208 + ((-1.281632542610) * X4))) + (((((0.020535277203 * X1) - 10.059516906738) - (((-1.344198346138) * X4) + (((0.040496520698 * X1) + (-40.245513916016)) / (sqrt(1 + (exp((0.253840506077 * X3)) / (sqrt(1 + ((-553.417785644531) * X2) ^ 2))) ^ 2))))) + ((-0.338460832834) * X3)) / (sqrt(1 + (1 / ((-1348.229003906250) * X2)) ^ 2)))))
85,0.1590135395526886,85.0,0.4305989895846174,(((0.285785287619 * X4) - (((((-0.001322358381) * X1) + ((((-0.407319068909) * X4) + (((((0.078618913889 * X3) + ((-0.002817030530) * X1)) / (sqrt(1 + (1 / ((-5.420891284943) * X2)) ^ 2))) + (((((-1.188680529594) - ((((-27.102876663208) * X2) * 6.430441379547) / (sqrt(1 + ((19.099233627319 * X2) * (-4.478641033173)) ^ 2)))) + ((((((-0.795090556145) * X4) - ((-0.039980296046) * X3)) - 1.361511349678) - ((-1.770144820213) - ((-0.000366171385) * X1))) + (0.775804162025 * X4))) - (343.156585693359 * X2)) / (sqrt(1 + ((0.832259774208 * X2) * ((3.575462341309 * X3) + ((-0.643428325653) * X1))) ^ 2)))) + (((-56.693737030029) * X2) * (-0.198207870126)))) ^ 2)) - (580.470275878906 * X2)) / (sqrt(1 + (((-0.944718122482) * X2) * ((-0.648158371449) * X1)) ^ 2)))) * (((((-32.412601470947) + (0.632737874985 * X3)) / (sqrt(1 + ((0.213284000754 * X4) + (524761.687500000000 / (sqrt(1 + (1610.437011718750 * X1) ^ 2)))) ^ 2))) + ((-6.254043102264) * X4)) + (((((0.026265330613 * X1) - (-9.788440704346)) - (((-5.706224918365) * X4) + (((0.053590811789 * X1) + (-52.348011016846)) / (sqrt(1 + (exp((0.255881160498 * X3)) / (sqrt(1 + ((-587.415588378906) * X2) ^ 2))) ^ 2))))) + ((-0.382246971130) * X3)) / (sqrt(1 + (1 / ((-2346.920410156250) * X2)) ^ 2)))))
87,0.1551908254623413,86.0,0.33712215719428734,(((0.340846955776 * X4) - (((((-0.002966715256) * X1) + ((((-0.550904810429) * X4) + ((((0.001520646387 * X1) - ((((-0.693037271500) * X4) - (0.040025658906 * X3)) / (sqrt(1 + (((-0.458540081978) * X2) * ((-0.039519183338) * X1)) ^ 2)))) + ((((((2.402931690216 * X4) - ((-138.089019775391) * X2)) / (sqrt(1 + ((2.846786022186 * X2) * (((-5.061061859131) * X4) + (-12.872375488281))) ^ 2))) + (((-3.223168373108) * X4) - 1.956732630730)) - (236.540985107422 * X2)) / (sqrt(1 + ((0.061522353441 * X2) * ((0.962358713150 * X3) + ((-2.943354606628) * X1))) ^ 2)))) + (((-62.012031555176) * X2) * (-0.354096442461)))) ^ 2)) - (1051.152954101562 * X2)) / (sqrt(1 + (((-0.683498978615) * X2) * ((-0.934528291225) * X1)) ^ 2)))) * (((((-16.095888137817) + (0.563141405582 * X3)) / (sqrt(1 + ((0.183509230614 * X4) + (484962.218750000000 / (sqrt(1 + (1656.410888671875 * X1) ^ 2)))) ^ 2))) + (10.640683174133 + ((-2.823285579681) * X4))) + ((((((1.107610583305 * X4) - (0.376898467541 * X3)) + (4.667169570923 * X2)) - (((-2.181867599487) * X4) + (((0.017337696627 * X1) + (-23.547527313232)) / (sqrt(1 + (exp((0.265512734652 * X3)) / (sqrt(1 + ((-595.614196777344) * X2) ^ 2))) ^ 2))))) + ((0.000275771774 * X2) * (1.997025251389 * X1))) / (sqrt(1 + (1 / ((-463.650451660156) * X2)) ^ 2)))))
100,0.1463199406862259,87.0,0.41563067369375245,(((0.269168615341 * X4) - (((((-0.001953952014) * X1) + ((((-0.274418741465) * X4) + (((((0.132537797093 * X3) + (((-0.001011504093) * X1) + (((-0.416515290737) * X4) - 1.576167106628))) / (sqrt(1 + (1 / (8.633933067322 * X2)) ^ 2))) + ((((((-1.031058192253) * X4) - ((-0.193995147943) * X3)) + (((((-0.043965522200) * X3) + ((-0.001204807893) * X1)) - (exp(((-0.606106996536) * X3)) / (sqrt(1 + ((-484.783355712891) * X2) ^ 2)))) + (0.520973265171 * X4))) - (382.889862060547 * X2)) / (sqrt(1 + ((0.766003012657 * X2) * ((9.267129898071 * X3) + ((-0.957068145275) * X1))) ^ 2)))) + (((-63.116546630859) * X2) * (-0.206809386611)))) ^ 2)) - (777.548339843750 * X2)) / (sqrt(1 + (((-1.029601573944) * X2) * ((-0.568835139275) * X1)) ^ 2)))) * (((((-24.921262741089) + (0.540017306805 * X3)) / (sqrt(1 + ((0.168478801847 * X4) + (520325.968750000000 / (sqrt(1 + (1616.532836914062 * X1) ^ 2)))) ^ 2))) + (15.937456130981 + exp((((-0.543370544910) * X4) + (-1.658119320869))))) + (((((0.021695699543 * X1) - 10.633229255676) - (((-0.758773505688) * X4) + (((0.039899598807 * X1) + (-39.810131072998)) / (sqrt(1 + (exp((0.266329944134 * X3)) / (sqrt(1 + ((-625.189636230469) * X2) ^ 2))) ^ 2))))) + ((-0.350988745689) * X3)) / (sqrt(1 + (1 / ((-2119.450439453125) * X2)) ^ 2)))))
75,0.15941405296325684,88.0,0.44509420177309345,((((0.417692095041 * X4) + 0.236871719360) - (((((-0.002056545112) * X1) + ((((-0.540713667870) * X4) + ((((-3.657634019852) + (0.005523222499 * X1)) + ((((((0.005552297458 * X1) + ((-0.246097281575) * X4)) - ((((-0.116161763668) + ((-0.377665400505) * X3)) - (418.523864746094 * X2)) / (sqrt(1 + ((8.969316482544 * X2) * (-2.187343358994)) ^ 2)))) + (2.032598733902 + ((-0.011363177560) * X1))) - (502.529968261719 * X2)) / (sqrt(1 + ((0.246331304312 * X2) * (((-51.478038787842) * X3) + ((-2.698819875717) * X1))) ^ 2)))) + (((-60.683341979980) * X2) * (-0.287039101124)))) ^ 2)) - (901.800964355469 * X2)) / (sqrt(1 + (((-1.021447181702) * X2) * ((-0.607643425465) * X1)) ^ 2)))) * (((((-21.313339233398) + (0.074102737010 * X3)) / (sqrt(1 + ((0.225217565894 * X4) + (545323.375000000000 / (sqrt(1 + (1546.786132812500 * X1) ^ 2)))) ^ 2))) + (15.584547996521 + ((-1.261106252670) * X4))) + (((((0.036345291883 * X1) - 17.145587921143) - (((-0.836152195930) * X4) + (((0.052789665759 * X1) + (-39.782409667969)) / (sqrt(1 + (exp((0.463297486305 * X3)) / (sqrt(1 + ((-4280.110839843750) * X2) ^ 2))) ^ 2))))) + ((0.002373265568 * X2) * (1.869214177132 * X1))) / (sqrt(1 + (exp(((0.168769687414 * X4) - ((-0.094525381923) * X3))) / ((-371.661254882812) * X2)) ^ 2)))))
97,0.14764800667762756,89.0,0.4337710693952759,(((0.280262917280 * X4) - (((((-0.001411595033) * X1) + ((((-0.499291330576) * X4) + ((((((-0.043354935944) * X3) + ((-0.004178326577) * X1)) / (sqrt(1 + (1 / ((-4.950670242310) * X2)) ^ 2))) + (((((((-0.000298181956) * X1) + ((-0.381126850843) * X4)) - ((((-25.520217895508) * X2) * 7.090873718262) / (sqrt(1 + ((17.100610733032 * X2) * (-4.897260189056)) ^ 2)))) + (((((-0.496553957462) * X4) - ((-0.040478900075) * X3)) - 0.811856031418) + (0.929040372372 * X4))) - (363.401702880859 * X2)) / (sqrt(1 + (((-0.210090294480) * X2) * (((-1.029677391052) * X3) + ((-2.418165683746) * X1))) ^ 2)))) + (((-59.232078552246) * X2) * (-0.216792762280)))) ^ 2)) - (625.850830078125 * X2)) / (sqrt(1 + (((-0.951196312904) * X2) * ((-0.653220891953) * X1)) ^ 2)))) * (((((-31.401929855347) + (0.596157968044 * X3)) / (sqrt(1 + ((0.202146857977 * X4) + (523657.750000000000 / (sqrt(1 + (1614.716552734375 * X1) ^ 2)))) ^ 2))) + ((-5.612019538879) * X4)) + (((((0.019911408424 * X1) - (((-0.471934229136) + (0.001458957791 * X4)) + (((-1.223057985306) * X3) / (sqrt(1 + (50.857276916504 * X2) ^ 2))))) - (((-5.366808891296) * X4) + (((-58.686241149902) + (0.045518960804 * X1)) / (sqrt(1 + (exp((0.294889837503 * X3)) / (sqrt(1 + ((-673.999328613281) * X2) ^ 2))) ^ 2))))) + ((-0.441117048264) * X3)) / (sqrt(1 + (1 / ((-3272.480468750000) * X2)) ^ 2)))))
100,0.14404399693012238,90.0,0.405155926073415,(((0.268723100424 * X4) - (((((-0.001884727390) * X1) + ((((-0.416312932968) * X4) + (((((0.093149162829 * X3) + ((0.004944772925 * X1) + (((-0.202088177204) * X4) - 2.799704790115))) / (sqrt(1 + (1 / (17.890779495239 * X2)) ^ 2))) + ((((((-0.924506962299) * X4) - ((-0.258470177650) * X3)) + ((((0.002432473004 * X3) + ((-0.001450716984) * X1)) - (exp(((-0.652177333832) * X3)) / (sqrt(1 + ((-508.093322753906) * X2) ^ 2)))) + (0.494068503380 * X4))) - (478.109985351562 * X2)) / (sqrt(1 + ((0.797913849354 * X2) * ((10.225298881531 * X3) + ((-1.115825533867) * X1))) ^ 2)))) + (((-65.662376403809) * X2) * (-0.300828397274)))) ^ 2)) - (872.025390625000 * X2)) / (sqrt(1 + (((-1.104178667068) * X2) * ((-0.634233713150) * X1)) ^ 2)))) * (((((-24.537616729736) + (0.750183880329 * X3)) / (sqrt(1 + ((0.207730859518 * X4) + (521456.125000000000 / (sqrt(1 + (1613.005371093750 * X1) ^ 2)))) ^ 2))) + (17.638940811157 + (((12.954001426697 * X2) * (-3.316463232040)) + (((-132.939682006836) * X2) * (-0.375701189041))))) + (((((0.020515672863 * X1) - 12.712920188904) - (((-0.009282149374) * X4) + (((0.039284083992 * X1) + (-40.454563140869)) / (sqrt(1 + (exp((0.241739571095 * X3)) / (sqrt(1 + ((-468.186218261719) * X2) ^ 2))) ^ 2))))) + ((-0.449174314737) * X3)) / (sqrt(1 + (1 / ((-1986.328491210938) * X2)) ^ 2)))))
97,0.14764706790447235,91.0,0.4340691392407737,(((0.280029922724 * X4) - (((((-0.001412993995) * X1) + ((((-0.499258726835) * X4) + ((((((-0.043485216796) * X3) + ((-0.004165797960) * X1)) / (sqrt(1 + (1 / ((-4.979586601257) * X2)) ^ 2))) + (((((((-0.000299797946) * X1) + ((-0.381126850843) * X4)) - ((((-25.520217895508) * X2) * 7.088085651398) / (sqrt(1 + ((17.100610733032 * X2) * (-4.909472942352)) ^ 2)))) + (((((-0.501268148422) * X4) - ((-0.040508665144) * X3)) - 0.811351299286) + (0.933565020561 * X4))) - (363.401702880859 * X2)) / (sqrt(1 + (((-0.210267275572) * X2) * (((-1.029677391052) * X3) + ((-2.418165683746) * X1))) ^ 2)))) + (((-59.232078552246) * X2) * (-0.216628819704)))) ^ 2)) - (625.850830078125 * X2)) / (sqrt(1 + (((-0.951196312904) * X2) * ((-0.653029620647) * X1)) ^ 2)))) * (((((-31.386585235596) + (0.596430957317 * X3)) / (sqrt(1 + ((0.202048122883 * X4) + (523657.750000000000 / (sqrt(1 + (1614.716552734375 * X1) ^ 2)))) ^ 2))) + ((-5.609646797180) * X4)) + (((((0.024081565440 * X1) - (((0.004212828819 * X1) + (((-0.000924175605) * X4) + (-0.443410664797))) + (((-1.226140856743) * X3) / (sqrt(1 + (50.857276916504 * X2) ^ 2))))) - (((-5.366808891296) * X4) + (((-58.694358825684) + (0.045473057777 * X1)) / (sqrt(1 + (exp((0.294905334711 * X3)) / (sqrt(1 + ((-673.999328613281) * X2) ^ 2))) ^ 2))))) + ((-0.441517561674) * X3)) / (sqrt(1 + (1 / ((-3272.480468750000) * X2)) ^ 2)))))
100,0.1428520828485489,92.0,0.40762013188119994,(((0.236182615161 * X4) - (((((-0.050436865538) + ((-0.001803125255) * X1)) + ((((-0.386291801929) * X4) + (((((0.102964192629 * X3) + (0.001335091423 * X1)) / (sqrt(1 + (1 / ((-20.103267669678) * X2)) ^ 2))) + (((((((-0.000394423230) * X1) + ((-0.471548557281) * X4)) - ((((-33.641189575195) * X2) * 7.369626522064) / (sqrt(1 + ((13.335704803467 * X2) * (-3.592582464218)) ^ 2)))) + ((((((-0.623279929161) * X4) - ((-0.027068760246) * X3)) - 0.391053617001) - (exp(((-0.803646683693) * X3)) / (sqrt(1 + ((-246.089004516602) * X2) ^ 2)))) + (0.709223151207 * X4))) - (497.315887451172 * X2)) / (sqrt(1 + ((0.526808381081 * X2) * ((6.107429027557 * X3) + ((-0.908023059368) * X1))) ^ 2)))) + (((-72.993125915527) * X2) * (-0.254474103451)))) ^ 2)) - (740.244995117188 * X2)) / (sqrt(1 + (((-0.339336037636) * X2) * ((-1.731638669968) * X1)) ^ 2)))) * (((((-22.233144760132) + (1.018509984016 * X3)) / (sqrt(1 + ((0.193262234330 * X4) + (517012.562500000000 / (sqrt(1 + (1627.941528320312 * X1) ^ 2)))) ^ 2))) + (15.331205368042 + ((1.352877855301 * X2) * ((0.496556013823 * X4) - (-5.400940895081))))) + ((((0.455974936485 * X4) + ((((-0.020638337359) * X1) + 28.835035324097) / (sqrt(1 + (exp((0.287307441235 * X3)) / (sqrt(1 + (662.961975097656 * X2) ^ 2))) ^ 2)))) + ((-0.648020207882) * X3)) / (sqrt(1 + (1 / ((-1492.458984375000) * X2)) ^ 2)))))
73,0.15383198857307434,93.0,0.4158917175037407,(((0.389687925577 * X4) - (((((-0.002159152878) * X1) + ((((-0.545928895473) * X4) + (((1.207091450691 + ((-0.001048804144) * X1)) + ((((((0.001021986944 * X1) + ((-0.025611480698) * X4)) - (((1.282466173172 + ((-0.034031286836) * X3)) - (236.504714965820 * X2)) / (sqrt(1 + ((20.504552841187 * X2) * (-4.410780906677)) ^ 2)))) + ((-0.597045600414) + ((-0.000694119954) * X1))) - (584.588806152344 * X2)) / (sqrt(1 + (((-2.136912822723) * X2) * ((0.929506361485 * X3) + (0.237056717277 * X1))) ^ 2)))) + (((-50.228664398193) * X2) * (-0.281964212656)))) ^ 2)) - (899.985229492188 * X2)) / (sqrt(1 + (((-1.026408672333) * X2) * ((-0.660695433617) * X1)) ^ 2)))) * (((((-22.501661300659) + (0.100705236197 * X3)) / (sqrt(1 + ((0.229391992092 * X4) + (529313.562500000000 / (sqrt(1 + (1594.241699218750 * X1) ^ 2)))) ^ 2))) + (18.465431213379 + ((-0.560991108418) * X4))) + ((((((-0.019077820703) * X1) - (-23.867479324341)) - ((((0.028074361384 * X4) + ((((1 / (2179.975585937500 * X2)) + (0.000512220024 * X1)) - ((((-0.282825201750) * X4) - ((-0.461577057838) * X3)) / (sqrt(1 + (((-1.217581987381) * X2) * ((-0.104227378964) * X1)) ^ 2)))) + (((-155.459609985352) * X2) * 0.015084234066))) ^ 2) / (sqrt(1 + (1.143132805824 * X2) ^ 2)))) + (0.605924606323 - ((-3.881830692291) * X2))) / (sqrt(1 + (1 / ((-430.914062500000) * X2)) ^ 2)))))
90,0.14634445309638977,94.0,0.42551026176323997,(((0.333094090223 * X4) - (((((-0.001978331478) * X1) + ((((-0.506972968578) * X4) + (((((0.090053021908 * X3) + (0.000833823811 * X1)) / (sqrt(1 + (1 / ((-13.438297271729) * X2)) ^ 2))) + (((((((-0.000329550006) * X1) + ((-0.471175283194) * X4)) - ((((-64.789421081543) * X2) * 15.068548202515) / (sqrt(1 + (1.748816847801 + (38.297309875488 * X2)) ^ 2)))) + ((((((-0.524598956108) * X4) - ((-0.019935255870) * X3)) - 0.374062448740) - (exp(((-0.566194832325) * X3)) / (sqrt(1 + ((-146.236572265625) * X2) ^ 2)))) + (0.760583996773 * X4))) - (698.588500976562 * X2)) / (sqrt(1 + ((0.320484369993 * X2) * ((6.321177482605 * X3) + ((-1.517658233643) * X1))) ^ 2)))) + (((-61.825508117676) * X2) * (-0.279596477747)))) ^ 2)) - (858.487548828125 * X2)) / (sqrt(1 + (((-0.342714816332) * X2) * ((-1.908587813377) * X1)) ^ 2)))) * (((((-24.326480865479) + (0.496661156416 * X3)) / (sqrt(1 + ((0.204562738538 * X4) + (519598.468750000000 / (sqrt(1 + (1616.456909179688 * X1) ^ 2)))) ^ 2))) + (19.384407043457 + (((-0.002213821746) * X2) * (((-7.244354724884) * X3) + ((-2.940397739410) * X1))))) + (((((0.018445631489 * X1) - 11.224062919617) - ((0.114457733929 * X4) + (((0.037786595523 * X1) + (-36.915180206299)) / (sqrt(1 + (exp((0.258372426033 * X3)) / (sqrt(1 + ((-561.859924316406) * X2) ^ 2))) ^ 2))))) + ((-0.307274401188) * X3)) / (sqrt(1 + (1 / ((-1307.076049804688) * X2)) ^ 2)))))
98,0.14286839962005615,95.0,0.42645773722529157,(((0.314298421144 * X4) - (((((-0.002125239000) * X1) + ((((-0.536270439625) * X4) + (((((0.477616190910 * X3) + (0.002237841953 * X1)) / (sqrt(1 + ((-0.006353770848) * X1) ^ 2))) + (((((((-0.000411989138) * X1) + ((-0.478408873081) * X4)) - ((((-60.080978393555) * X2) * 13.973446846008) / (sqrt(1 + (2.743023395538 + (94.391487121582 * X2)) ^ 2)))) + ((((((-0.448461771011) * X4) - (0.101245887578 * X3)) - 0.658188581467) - (exp(((-0.502621233463) * X3)) / (sqrt(1 + ((-230.758163452148) * X2) ^ 2)))) + (0.713662326336 * X4))) - (539.474182128906 * X2)) / (sqrt(1 + ((0.515746712685 * X2) * ((10.416862487793 * X3) + ((-0.905614614487) * X1))) ^ 2)))) + (((-61.171749114990) * X2) * (-0.305258601904)))) ^ 2)) - (854.537048339844 * X2)) / (sqrt(1 + (((-0.343059927225) * X2) * ((-1.901879191399) * X1)) ^ 2)))) * (((((-21.709564208984) + (0.695290923119 * X3)) / (sqrt(1 + ((0.212308555841 * X4) + (520655.562500000000 / (sqrt(1 + (1613.262451171875 * X1) ^ 2)))) ^ 2))) + (15.539934158325 + ((0.000286557741 * X1) + ((((-0.573378324509) * X4) - (0.400727957487 * X3)) + (5.017225742340 * X2))))) + (((((0.019589552656 * X1) - 11.039458274841) - (((-0.598076641560) * X4) + (((0.039771806449 * X1) + (-38.400596618652)) / (sqrt(1 + (exp((0.262181729078 * X3)) / (sqrt(1 + ((-532.083251953125) * X2) ^ 2))) ^ 2))))) + ((-0.020835237578) * X3)) / (sqrt(1 + (1 / ((-1248.694824218750) * X2)) ^ 2)))))
100,0.14272566139698029,96.0,0.403863344859746,(((0.277747750282 * X4) - (((((-0.001834624214) * X1) + ((((-0.380414187908) * X4) + (((((0.081991620362 * X3) + ((0.004751334433 * X1) + (((-0.215915217996) * X4) - 2.769598007202))) / (sqrt(1 + (1 / (17.405773162842 * X2)) ^ 2))) + ((((((-0.912231624126) * X4) - ((-0.208173424006) * X3)) + (((((-0.055954456329) * X3) + ((-0.001308713690) * X1)) - (exp(((-0.709838688374) * X3)) / (sqrt(1 + ((-413.842651367188) * X2) ^ 2)))) + (0.482162505388 * X4))) - (393.644805908203 * X2)) / (sqrt(1 + ((0.684055268764 * X2) * ((9.091957092285 * X3) + ((-1.102119326591) * X1))) ^ 2)))) + (((-64.549079895020) * X2) * (-0.299343705177)))) ^ 2)) - (839.905151367188 * X2)) / (sqrt(1 + (((-1.073040008545) * X2) * ((-0.607199072838) * X1)) ^ 2)))) * (((((-24.006044387817) + (0.724549710751 * X3)) / (sqrt(1 + ((0.202841863036 * X4) + (518325.656250000000 / (sqrt(1 + (1622.684082031250 * X1) ^ 2)))) ^ 2))) + (16.251607894897 + ((((-8.761544227600) + (0.016046885401 * X1)) - (((-10.590211868286) + (1.445071935654 * X3)) / (sqrt(1 + (((-5.576447963715) * X2) * ((-6.503218173981) * X1)) ^ 2)))) + (((-132.570449829102) * X2) * (-0.049442905933))))) + ((((0.052541170269 * X3) - (((-0.051734082401) * X4) + (((0.034327302128 * X1) + (-36.747524261475)) / (sqrt(1 + (exp((0.256089329720 * X3)) / (sqrt(1 + ((-544.450195312500) * X2) ^ 2))) ^ 2))))) + ((-0.495612710714) * X3)) / (sqrt(1 + (1 / ((-1676.534912109375) * X2)) ^ 2)))))
95,0.14286014437675476,97.0,0.4253618124744358,(((0.314103424549 * X4) - (((((-0.002103400184) * X1) + ((((-0.542749583721) * X4) + (((((3.345661163330 * X3) + (0.018057566136 * X1)) / (sqrt(1 + ((-0.044668689370) * X1) ^ 2))) + (((((((-0.000233300700) * X1) + ((-0.470215678215) * X4)) - ((((-60.080978393555) * X2) * 13.973446846008) / (sqrt(1 + (2.723940372467 + (94.391487121582 * X2)) ^ 2)))) + ((((((-0.454978168011) * X4) - (0.126637756824 * X3)) - 0.777865707874) - (exp(((-0.487197220325) * X3)) / (sqrt(1 + ((-230.758163452148) * X2) ^ 2)))) + (0.730316162109 * X4))) - (539.474182128906 * X2)) / (sqrt(1 + ((0.523788809776 * X2) * ((10.416862487793 * X3) + ((-0.865769088268) * X1))) ^ 2)))) + (((-61.171749114990) * X2) * (-0.305583536625)))) ^ 2)) - (854.537048339844 * X2)) / (sqrt(1 + (((-0.342737108469) * X2) * ((-1.901879191399) * X1)) ^ 2)))) * (((((-21.738239288330) + (0.690726041794 * X3)) / (sqrt(1 + ((0.212708756328 * X4) + (520655.562500000000 / (sqrt(1 + (1613.262451171875 * X1) ^ 2)))) ^ 2))) + (5.016121387482 + ((0.019201843068 * X1) + ((((-1.764971733093) * X4) - ((-0.000373911520) * X3)) + (5.022996902466 * X2))))) + (((((0.205406963825 * X3) + (((-0.459248095751) * X4) - (0.134342461824 * X3))) - (((-2.243263244629) * X4) + (((0.039016287774 * X1) + (-37.856975555420)) / (sqrt(1 + (exp((0.262030631304 * X3)) / (sqrt(1 + ((-532.083251953125) * X2) ^ 2))) ^ 2))))) + ((-0.490169256926) * X3)) / (sqrt(1 + (1 / ((-1248.694824218750) * X2)) ^ 2)))))
100,0.14262279868125916,98.0,0.40724288366564243,(((0.508831024170 * X4) - (((((-0.003010960296) * X1) + ((((-0.486023902893) * X4) + (((0.753268659115 + (0.000103787272 * X1)) + (((((0.871749818325 + (24.686704635620 * X2)) - (((2.598323583603 + ((-0.394176065922) * X3)) - ((-0.000587630784) * X1)) / (sqrt(1 + ((19.371795654297 * X2) * (-9.677202224731)) ^ 2)))) + (((-0.110984899104) * X4) - (0.344992190599 * X3))) - (380.971099853516 * X2)) / (sqrt(1 + (((-2.176072835922) * X2) * (((-3.380704641342) * X3) + ((-0.142169803381) * X1))) ^ 2)))) + (((-44.575050354004) * X2) * (-0.194241017103)))) ^ 2)) - (1015.065856933594 * X2)) / (sqrt(1 + (((-1.020933985710) * X2) * ((-0.583243310452) * X1)) ^ 2)))) * (((((-21.102233886719) + (0.078762978315 * X3)) / (sqrt(1 + ((0.197355642915 * X4) + (516511.156250000000 / (sqrt(1 + (1635.015869140625 * X1) ^ 2)))) ^ 2))) + (((((-0.449720650911) * X4) + (-3.066967010498)) + ((0.002105785999 * X1) - (-19.735980987549))) - (6.245670318604 * X2))) + ((((((-0.016478912905) * X1) - (-21.709127426147)) - (((((-0.094047717750) * X4) + (((0.380201429129 + ((-0.001041431329) * X1)) - ((((-0.296183317900) * X4) - (0.317010700703 * X3)) / (sqrt(1 + (((-1.232843399048) * X2) * ((-0.085064746439) * X1)) ^ 2)))) + (((-61.704109191895) * X2) * (-0.041827976704)))) ^ 2) / (sqrt(1 + (1.243120193481 * X2) ^ 2)))) + ((-1.893041968346) - ((-8.995860099792) * X2))) / (sqrt(1 + (1 / ((-506.730926513672) * X2)) ^ 2)))))
100,0.14248542487621307,99.0,0.3992233365960383,(((0.468780934811 * X4) - (((((-0.002915221034) * X1) + ((((-0.514665663242) * X4) + (((1.609260082245 + ((-0.000366285589) * X1)) + (((((((-0.639451920986) * X2) * (0.313115388155 * X1)) - (((2.613829612732 + ((-0.466737955809) * X3)) - (153.665145874023 * X2)) / (sqrt(1 + ((16.889160156250 * X2) * (-10.052172660828)) ^ 2)))) + (((-0.085632875562) * X4) - (0.417482703924 * X3))) - (413.841522216797 * X2)) / (sqrt(1 + (((-0.962643682957) * X2) * (((-6.587381839752) * X3) + ((-0.369630485773) * X1))) ^ 2)))) + (((-46.613506317139) * X2) * (-0.192926138639)))) ^ 2)) - (950.526977539062 * X2)) / (sqrt(1 + (((-1.011081576347) * X2) * ((-0.592225730419) * X1)) ^ 2)))) * (((((-21.023239135742) + (0.091176532209 * X3)) / (sqrt(1 + ((0.202480539680 * X4) + (514924.000000000000 / (sqrt(1 + (1637.208984375000 * X1) ^ 2)))) ^ 2))) + (17.351182937622 + ((-0.391077309847) * X4))) + ((((((-0.016207352281) * X1) - (-22.364334106445)) - ((((0.091944046319 * X4) + ((((-0.318679809570) + (0.000893228396 * X1)) - (((((0.841117560863 * X4) - ((-0.358259648085) * X3)) + tanh((0.091037862003 * X4))) - (0.266073673964 + (0.707358479500 * X4))) / (sqrt(1 + (((-1.109198808670) * X2) * ((-0.094099827111) * X1)) ^ 2)))) + (((-128.648361206055) * X2) * 0.020585335791))) ^ 2) / (sqrt(1 + (1.195565700531 * X2) ^ 2)))) + ((-1.560674428940) - ((-3.127288818359) * X2))) / (sqrt(1 + (1 / ((-491.512115478516) * X2)) ^ 2)))))
100,0.14168940484523773,100.0,0.40427455402918383,(((0.476137191057 * X4) - (((((-0.002871719655) * X1) + ((((-0.510501325130) * X4) + (((1.605486273766 + ((-0.000280517328) * X1)) + (((((((-0.639451920986) * X2) * (0.431029677391 * X1)) - (((2.612386465073 + ((-0.442291855812) * X3)) - (153.665145874023 * X2)) / (sqrt(1 + ((16.889160156250 * X2) * (-11.035452842712)) ^ 2)))) + (((-0.077636048198) * X4) - (0.394372105598 * X3))) - (413.841522216797 * X2)) / (sqrt(1 + (((-1.165396809578) * X2) * (((-6.587381839752) * X3) + ((-0.321474134922) * X1))) ^ 2)))) + (((-46.613506317139) * X2) * (-0.164203077555)))) ^ 2)) - (950.526977539062 * X2)) / (sqrt(1 + (((-1.011081576347) * X2) * ((-0.588744640350) * X1)) ^ 2)))) * (((((-21.023239135742) + (0.088828302920 * X3)) / (sqrt(1 + ((0.201350331306 * X4) + (514924.000000000000 / (sqrt(1 + (1637.208984375000 * X1) ^ 2)))) ^ 2))) + (17.374076843262 + ((-0.388288140297) * X4))) + ((((((-0.016272321343) * X1) - (-22.364334106445)) - ((((0.095334291458 * X4) + ((((-1.064237594604) + (0.001736311009 * X1)) - (((((0.982628107071 * X4) - ((-0.340534299612) * X3)) + (((-55.971317291260) * X2) * 0.249084144831)) - (0.351400166750 + (0.707358479500 * X4))) / (sqrt(1 + (((-1.109198808670) * X2) * ((-0.090567640960) * X1)) ^ 2)))) + (((-128.648361206055) * X2) * 0.019818892702))) ^ 2) / (sqrt(1 + (1.043094515800 * X2) ^ 2)))) + ((-1.560674428940) - ((-2.875081539154) * X2))) / (sqrt(1 + (1 / ((-491.512115478516) * X2)) ^ 2)))))
